Id,ActivityDate,TotalSteps,TotalDistance,TrackerDistance,LoggedActivitiesDistance,VeryActiveDistance,ModeratelyActiveDistance,LightActiveDistance,SedentaryActiveDistance,VeryActiveMinutes,FairlyActiveMinutes,LightlyActiveMinutes,SedentaryMinutes,Calories,ActivityDate_UK,SedentaryHours,VeryActiveHours,FairlyActiveHours,LightlyActiveHours,TotalActiveMinutes,TotalActiveHours,TotalActiveTime,DayOfWeek,TotalSleepRecords,TotalMinutesAsleep,TotalTimeInBed,SleepDay_UK,HoursAsleep,HoursInBed,TimeAwakeInBedHours,SleepDuration,TimeInBed,AwakeInBedTime
1503960366,2016-04-12,13162,8.5,8.5,0.0,1.87999999523163,0.550000011920929,6.05999994277954,0.0,25,13,328,728,1985,12/04/2016,12.133333333333333,0.4166666666666667,0.21666666666666667,5.466666666666667,366,6.1,6h 6m,Tuesday,1,327,346,12/04/2016,5.45,5.766666666666667,0.31666666666666643,5h 27m,5h 46m,0h 19m
1503960366,2016-04-13,10735,6.96999979019165,6.96999979019165,0.0,1.57000005245209,0.689999997615814,4.71000003814697,0.0,21,19,217,776,1797,13/04/2016,12.933333333333334,0.35,0.31666666666666665,3.6166666666666667,257,4.283333333333333,4h 17m,Wednesday,2,384,407,13/04/2016,6.4,6.783333333333333,0.38333333333333286,6h 24m,6h 47m,0h 23m
1503960366,2016-04-15,9762,6.28000020980835,6.28000020980835,0.0,2.14000010490417,1.25999999046326,2.82999992370605,0.0,29,34,209,726,1745,15/04/2016,12.1,0.48333333333333334,0.5666666666666667,3.4833333333333334,272,4.533333333333333,4h 32m,Friday,1,412,442,15/04/2016,6.866666666666666,7.366666666666666,0.5,6h 52m,7h 22m,0h 30m
1503960366,2016-04-16,12669,8.15999984741211,8.15999984741211,0.0,2.71000003814697,0.409999996423721,5.03999996185303,0.0,36,10,221,773,1863,16/04/2016,12.883333333333333,0.6,0.16666666666666666,3.683333333333333,267,4.45,4h 27m,Saturday,2,340,367,16/04/2016,5.666666666666667,6.116666666666666,0.4499999999999993,5h 40m,6h 7m,0h 27m
1503960366,2016-04-17,9705,6.48000001907349,6.48000001907349,0.0,3.19000005722046,0.779999971389771,2.50999999046326,0.0,38,20,164,539,1728,17/04/2016,8.983333333333333,0.6333333333333333,0.3333333333333333,2.7333333333333334,222,3.7,3h 42m,Sunday,1,700,712,17/04/2016,11.666666666666666,11.866666666666667,0.20000000000000107,11h 40m,11h 52m,0h 12m
1503960366,2016-04-19,15506,9.88000011444092,9.88000011444092,0.0,3.52999997138977,1.32000005245209,5.03000020980835,0.0,50,31,264,775,2035,19/04/2016,12.916666666666666,0.8333333333333334,0.5166666666666667,4.4,345,5.75,5h 45m,Tuesday,1,304,320,19/04/2016,5.066666666666666,5.333333333333333,0.2666666666666666,5h 4m,5h 20m,0h 16m
1503960366,2016-04-20,10544,6.67999982833862,6.67999982833862,0.0,1.96000003814697,0.479999989271164,4.23999977111816,0.0,28,12,205,818,1786,20/04/2016,13.633333333333333,0.4666666666666667,0.2,3.4166666666666665,245,4.083333333333333,4h 5m,Wednesday,1,360,377,20/04/2016,6.0,6.283333333333333,0.2833333333333332,6h 0m,6h 17m,0h 17m
1503960366,2016-04-21,9819,6.34000015258789,6.34000015258789,0.0,1.3400000333786,0.349999994039536,4.65000009536743,0.0,19,8,211,838,1775,21/04/2016,13.966666666666667,0.31666666666666665,0.13333333333333333,3.5166666666666666,238,3.966666666666667,3h 58m,Thursday,1,325,364,21/04/2016,5.416666666666667,6.066666666666666,0.6499999999999995,5h 25m,6h 4m,0h 39m
1503960366,2016-04-23,14371,9.03999996185303,9.03999996185303,0.0,2.80999994277954,0.870000004768372,5.3600001335144,0.0,41,21,262,732,1949,23/04/2016,12.2,0.6833333333333333,0.35,4.366666666666666,324,5.4,5h 24m,Saturday,1,361,384,23/04/2016,6.016666666666667,6.4,0.38333333333333375,6h 1m,6h 24m,0h 23m
1503960366,2016-04-24,10039,6.40999984741211,6.40999984741211,0.0,2.92000007629395,0.209999993443489,3.27999997138977,0.0,39,5,238,709,1788,24/04/2016,11.816666666666666,0.65,0.08333333333333333,3.966666666666667,282,4.7,4h 42m,Sunday,1,430,449,24/04/2016,7.166666666666667,7.483333333333333,0.31666666666666643,7h 10m,7h 29m,0h 19m
1503960366,2016-04-25,15355,9.80000019073486,9.80000019073486,0.0,5.28999996185303,0.569999992847443,3.94000005722046,0.0,73,14,216,814,2013,25/04/2016,13.566666666666666,1.2166666666666666,0.23333333333333334,3.6,303,5.05,5h 3m,Monday,1,277,323,25/04/2016,4.616666666666666,5.383333333333334,0.7666666666666675,4h 37m,5h 23m,0h 46m
1503960366,2016-04-26,13755,8.78999996185303,8.78999996185303,0.0,2.32999992370605,0.920000016689301,5.53999996185303,0.0,31,23,279,833,1970,26/04/2016,13.883333333333333,0.5166666666666667,0.38333333333333336,4.65,333,5.55,5h 33m,Tuesday,1,245,274,26/04/2016,4.083333333333333,4.566666666666666,0.4833333333333334,4h 5m,4h 34m,0h 29m
1503960366,2016-04-28,13154,8.52999973297119,8.52999973297119,0.0,3.53999996185303,1.1599999666214,3.78999996185303,0.0,48,28,189,782,1898,28/04/2016,13.033333333333333,0.8,0.4666666666666667,3.15,265,4.416666666666667,4h 25m,Thursday,1,366,393,28/04/2016,6.1,6.55,0.4500000000000002,6h 6m,6h 33m,0h 27m
1503960366,2016-04-29,11181,7.15000009536743,7.15000009536743,0.0,1.05999994277954,0.5,5.57999992370605,0.0,16,12,243,815,1837,29/04/2016,13.583333333333334,0.26666666666666666,0.2,4.05,271,4.516666666666667,4h 31m,Friday,1,341,354,29/04/2016,5.683333333333334,5.9,0.21666666666666679,5h 41m,5h 54m,0h 13m
1503960366,2016-04-30,14673,9.25,9.25,0.0,3.55999994277954,1.41999995708466,4.26999998092651,0.0,52,34,217,712,1947,30/04/2016,11.866666666666667,0.8666666666666667,0.5666666666666667,3.6166666666666667,303,5.05,5h 3m,Saturday,1,404,425,30/04/2016,6.733333333333333,7.083333333333333,0.34999999999999964,6h 44m,7h 5m,0h 21m
1503960366,2016-05-01,10602,6.80999994277954,6.80999994277954,0.0,2.28999996185303,1.60000002384186,2.92000007629395,0.0,33,35,246,730,1820,01/05/2016,12.166666666666666,0.55,0.5833333333333334,4.1,314,5.233333333333333,5h 14m,Sunday,1,369,396,01/05/2016,6.15,6.6,0.4499999999999993,6h 9m,6h 36m,0h 27m
1503960366,2016-05-02,14727,9.71000003814697,9.71000003814697,0.0,3.21000003814697,0.569999992847443,5.92000007629395,0.0,41,15,277,798,2004,02/05/2016,13.3,0.6833333333333333,0.25,4.616666666666666,333,5.55,5h 33m,Monday,1,277,309,02/05/2016,4.616666666666666,5.15,0.5333333333333341,4h 37m,5h 9m,0h 32m
1503960366,2016-05-03,15103,9.65999984741211,9.65999984741211,0.0,3.73000001907349,1.04999995231628,4.88000011444092,0.0,50,24,254,816,1990,03/05/2016,13.6,0.8333333333333334,0.4,4.233333333333333,328,5.466666666666667,5h 28m,Tuesday,1,273,296,03/05/2016,4.55,4.933333333333334,0.38333333333333375,4h 33m,4h 56m,0h 23m
1503960366,2016-05-05,14070,8.89999961853027,8.89999961853027,0.0,2.92000007629395,1.08000004291534,4.88000011444092,0.0,45,24,250,857,1959,05/05/2016,14.283333333333333,0.75,0.4,4.166666666666667,319,5.316666666666666,5h 19m,Thursday,1,247,264,05/05/2016,4.116666666666666,4.4,0.2833333333333341,4h 7m,4h 24m,0h 17m
1503960366,2016-05-06,12159,8.02999973297119,8.02999973297119,0.0,1.97000002861023,0.25,5.80999994277954,0.0,24,6,289,754,1896,06/05/2016,12.566666666666666,0.4,0.1,4.816666666666666,319,5.316666666666666,5h 19m,Friday,1,334,367,06/05/2016,5.566666666666666,6.116666666666666,0.5499999999999998,5h 34m,6h 7m,0h 33m
1503960366,2016-05-07,11992,7.71000003814697,7.71000003814697,0.0,2.46000003814697,2.11999988555908,3.13000011444092,0.0,37,46,175,833,1821,07/05/2016,13.883333333333333,0.6166666666666667,0.7666666666666667,2.9166666666666665,258,4.3,4h 18m,Saturday,1,331,349,07/05/2016,5.516666666666667,5.816666666666666,0.2999999999999998,5h 31m,5h 49m,0h 18m
1503960366,2016-05-08,10060,6.57999992370605,6.57999992370605,0.0,3.52999997138977,0.319999992847443,2.73000001907349,0.0,44,8,203,574,1740,08/05/2016,9.566666666666666,0.7333333333333333,0.13333333333333333,3.3833333333333333,255,4.25,4h 15m,Sunday,1,594,611,08/05/2016,9.9,10.183333333333334,0.2833333333333332,9h 54m,10h 11m,0h 17m
1503960366,2016-05-09,12022,7.71999979019165,7.71999979019165,0.0,3.45000004768372,0.529999971389771,3.74000000953674,0.0,46,11,206,835,1819,09/05/2016,13.916666666666666,0.7666666666666667,0.18333333333333332,3.433333333333333,263,4.383333333333334,4h 23m,Monday,1,338,342,09/05/2016,5.633333333333334,5.7,0.06666666666666643,5h 38m,5h 42m,0h 4m
1503960366,2016-05-10,12207,7.76999998092651,7.76999998092651,0.0,3.34999990463257,1.1599999666214,3.25999999046326,0.0,46,31,214,746,1859,10/05/2016,12.433333333333334,0.7666666666666667,0.5166666666666667,3.566666666666667,291,4.85,4h 51m,Tuesday,1,383,403,10/05/2016,6.383333333333334,6.716666666666667,0.33333333333333304,6h 23m,6h 43m,0h 20m
1503960366,2016-05-11,12770,8.13000011444092,8.13000011444092,0.0,2.55999994277954,1.00999999046326,4.55000019073486,0.0,36,23,251,669,1783,11/05/2016,11.15,0.6,0.38333333333333336,4.183333333333334,310,5.166666666666667,5h 10m,Wednesday,1,285,306,11/05/2016,4.75,5.1,0.34999999999999964,4h 45m,5h 6m,0h 21m
1644430081,2016-04-29,3176,2.30999994277954,2.30999994277954,0.0,0.0,0.0,2.30999994277954,0.0,0,0,120,1193,2498,29/04/2016,19.883333333333333,0.0,0.0,2.0,120,2.0,2h 0m,Friday,1,119,127,29/04/2016,1.9833333333333334,2.1166666666666667,0.1333333333333333,1h 59m,2h 7m,0h 8m
1644430081,2016-04-30,18213,13.2399997711182,13.2399997711182,0.0,0.629999995231628,3.14000010490417,9.46000003814697,0.0,9,71,402,816,3846,30/04/2016,13.6,0.15,1.1833333333333333,6.7,482,8.033333333333333,8h 2m,Saturday,1,124,142,30/04/2016,2.066666666666667,2.3666666666666667,0.2999999999999998,2h 4m,2h 22m,0h 18m
1644430081,2016-05-02,3758,2.73000001907349,2.73000001907349,0.0,0.0700000002980232,0.310000002384186,2.34999990463257,0.0,1,7,148,682,2580,02/05/2016,11.366666666666667,0.016666666666666666,0.11666666666666667,2.466666666666667,156,2.6,2h 36m,Monday,1,796,961,02/05/2016,13.266666666666667,16.016666666666666,2.7499999999999982,13h 16m,16h 1m,2h 45m
1644430081,2016-05-08,6724,4.8899998664856,4.8899998664856,0.0,0.0,0.0,4.88000011444092,0.0,0,0,295,991,2987,08/05/2016,16.516666666666666,0.0,0.0,4.916666666666667,295,4.916666666666667,4h 55m,Sunday,1,137,154,08/05/2016,2.283333333333333,2.566666666666667,0.28333333333333366,2h 17m,2h 34m,0h 17m
1844505072,2016-04-15,3844,2.53999996185303,2.53999996185303,0.0,0.0,0.0,2.53999996185303,0.0,0,0,176,527,1725,15/04/2016,8.783333333333333,0.0,0.0,2.933333333333333,176,2.933333333333333,2h 56m,Friday,1,644,961,15/04/2016,10.733333333333333,16.016666666666666,5.283333333333333,10h 44m,16h 1m,5h 17m
1844505072,2016-04-30,4014,2.67000007629395,2.67000007629395,0.0,0.0,0.0,2.65000009536743,0.0,0,0,184,218,1763,30/04/2016,3.6333333333333333,0.0,0.0,3.066666666666667,184,3.066666666666667,3h 4m,Saturday,1,722,961,30/04/2016,12.033333333333333,16.016666666666666,3.9833333333333325,12h 2m,16h 1m,3h 59m
1844505072,2016-05-01,2573,1.70000004768372,1.70000004768372,0.0,0.0,0.259999990463257,1.45000004768372,0.0,0,7,75,585,1541,01/05/2016,9.75,0.0,0.11666666666666667,1.25,82,1.3666666666666667,1h 22m,Sunday,1,590,961,01/05/2016,9.833333333333334,16.016666666666666,6.183333333333332,9h 50m,16h 1m,6h 11m
1927972279,2016-04-12,678,0.469999998807907,0.469999998807907,0.0,0.0,0.0,0.469999998807907,0.0,0,0,55,734,2220,12/04/2016,12.233333333333333,0.0,0.0,0.9166666666666666,55,0.9166666666666666,0h 55m,Tuesday,3,750,775,12/04/2016,12.5,12.916666666666666,0.4166666666666661,12h 30m,12h 55m,0h 25m
1927972279,2016-04-13,356,0.25,0.25,0.0,0.0,0.0,0.25,0.0,0,0,32,986,2151,13/04/2016,16.433333333333334,0.0,0.0,0.5333333333333333,32,0.5333333333333333,0h 32m,Wednesday,1,398,422,13/04/2016,6.633333333333334,7.033333333333333,0.39999999999999947,6h 38m,7h 2m,0h 24m
1927972279,2016-04-15,980,0.680000007152557,0.680000007152557,0.0,0.0,0.0,0.680000007152557,0.0,0,0,51,941,2221,15/04/2016,15.683333333333334,0.0,0.0,0.85,51,0.85,0h 51m,Friday,2,475,499,15/04/2016,7.916666666666667,8.316666666666666,0.39999999999999947,7h 55m,8h 19m,0h 24m
1927972279,2016-04-26,3761,2.59999990463257,2.59999990463257,0.0,0.0,0.0,2.59999990463257,0.0,0,0,192,1058,2638,26/04/2016,17.633333333333333,0.0,0.0,3.2,192,3.2,3h 12m,Tuesday,1,296,315,26/04/2016,4.933333333333334,5.25,0.31666666666666643,4h 56m,5h 15m,0h 19m
1927972279,2016-04-28,1675,1.1599999666214,1.1599999666214,0.0,0.0,0.0,1.1599999666214,0.0,0,0,95,1167,2351,28/04/2016,19.45,0.0,0.0,1.5833333333333333,95,1.5833333333333333,1h 35m,Thursday,1,166,178,28/04/2016,2.7666666666666666,2.966666666666667,0.20000000000000018,2h 46m,2h 58m,0h 12m
2026352035,2016-04-12,4414,2.74000000953674,2.74000000953674,0.0,0.189999997615814,0.349999994039536,2.20000004768372,0.0,3,8,181,706,1459,12/04/2016,11.766666666666667,0.05,0.13333333333333333,3.0166666666666666,192,3.2,3h 12m,Tuesday,1,503,546,12/04/2016,8.383333333333333,9.1,0.7166666666666668,8h 23m,9h 6m,0h 43m
2026352035,2016-04-13,4993,3.09999990463257,3.09999990463257,0.0,0.0,0.0,3.09999990463257,0.0,0,0,238,663,1521,13/04/2016,11.05,0.0,0.0,3.966666666666667,238,3.966666666666667,3h 58m,Wednesday,1,531,565,13/04/2016,8.85,9.416666666666666,0.5666666666666664,8h 51m,9h 25m,0h 34m
2026352035,2016-04-14,3335,2.0699999332428,2.0699999332428,0.0,0.0,0.0,2.04999995231628,0.0,0,0,197,653,1431,14/04/2016,10.883333333333333,0.0,0.0,3.283333333333333,197,3.283333333333333,3h 17m,Thursday,1,545,568,14/04/2016,9.083333333333334,9.466666666666667,0.38333333333333286,9h 5m,9h 28m,0h 23m
2026352035,2016-04-15,3821,2.36999988555908,2.36999988555908,0.0,0.0,0.0,2.36999988555908,0.0,0,0,188,687,1444,15/04/2016,11.45,0.0,0.0,3.1333333333333333,188,3.1333333333333333,3h 8m,Friday,1,523,573,15/04/2016,8.716666666666667,9.55,0.8333333333333339,8h 43m,9h 33m,0h 50m
2026352035,2016-04-16,2547,1.58000004291534,1.58000004291534,0.0,0.0,0.0,1.58000004291534,0.0,0,0,150,728,1373,16/04/2016,12.133333333333333,0.0,0.0,2.5,150,2.5,2h 30m,Saturday,1,524,567,16/04/2016,8.733333333333333,9.45,0.7166666666666668,8h 44m,9h 27m,0h 43m
2026352035,2016-04-17,838,0.519999980926514,0.519999980926514,0.0,0.0,0.0,0.519999980926514,0.0,0,0,60,1053,1214,17/04/2016,17.55,0.0,0.0,1.0,60,1.0,1h 0m,Sunday,1,437,498,17/04/2016,7.283333333333333,8.3,1.0166666666666675,7h 17m,8h 18m,1h 1m
2026352035,2016-04-19,2424,1.5,1.5,0.0,0.0,0.0,1.5,0.0,0,0,141,785,1356,19/04/2016,13.083333333333334,0.0,0.0,2.35,141,2.35,2h 21m,Tuesday,1,498,540,19/04/2016,8.3,9.0,0.6999999999999993,8h 18m,9h 0m,0h 42m
2026352035,2016-04-20,7222,4.48000001907349,4.48000001907349,0.0,0.0,0.0,4.48000001907349,0.0,0,0,327,623,1667,20/04/2016,10.383333333333333,0.0,0.0,5.45,327,5.45,5h 27m,Wednesday,1,461,510,20/04/2016,7.683333333333334,8.5,0.8166666666666664,7h 41m,8h 30m,0h 49m
2026352035,2016-04-21,2467,1.52999997138977,1.52999997138977,0.0,0.0,0.0,1.52999997138977,0.0,0,0,153,749,1370,21/04/2016,12.483333333333333,0.0,0.0,2.55,153,2.55,2h 33m,Thursday,1,477,514,21/04/2016,7.95,8.566666666666666,0.6166666666666663,7h 57m,8h 34m,0h 37m
2026352035,2016-04-22,2915,1.80999994277954,1.80999994277954,0.0,0.0,0.0,1.80999994277954,0.0,0,0,162,712,1399,22/04/2016,11.866666666666667,0.0,0.0,2.7,162,2.7,2h 42m,Friday,1,520,545,22/04/2016,8.666666666666666,9.083333333333334,0.41666666666666785,8h 40m,9h 5m,0h 25m
2026352035,2016-04-23,12357,7.71000003814697,7.71000003814697,0.0,0.0,0.0,7.71000003814697,0.0,0,0,432,458,1916,23/04/2016,7.633333333333334,0.0,0.0,7.2,432,7.2,7h 12m,Saturday,1,522,554,23/04/2016,8.7,9.233333333333333,0.5333333333333332,8h 42m,9h 14m,0h 32m
2026352035,2016-04-24,3490,2.16000008583069,2.16000008583069,0.0,0.0,0.0,2.16000008583069,0.0,0,0,164,704,1401,24/04/2016,11.733333333333333,0.0,0.0,2.7333333333333334,164,2.7333333333333334,2h 44m,Sunday,1,555,591,24/04/2016,9.25,9.85,0.5999999999999996,9h 15m,9h 51m,0h 36m
2026352035,2016-04-25,6017,3.73000001907349,3.73000001907349,0.0,0.0,0.0,3.73000001907349,0.0,0,0,260,821,1576,25/04/2016,13.683333333333334,0.0,0.0,4.333333333333333,260,4.333333333333333,4h 20m,Monday,1,506,531,25/04/2016,8.433333333333334,8.85,0.4166666666666661,8h 26m,8h 51m,0h 25m
2026352035,2016-04-27,6088,3.76999998092651,3.76999998092651,0.0,0.0,0.0,3.76999998092651,0.0,0,0,286,586,1593,27/04/2016,9.766666666666667,0.0,0.0,4.766666666666667,286,4.766666666666667,4h 46m,Wednesday,1,508,545,27/04/2016,8.466666666666667,9.083333333333334,0.6166666666666671,8h 28m,9h 5m,0h 37m
2026352035,2016-04-28,6375,3.95000004768372,3.95000004768372,0.0,0.0,0.0,3.95000004768372,0.0,0,0,331,626,1649,28/04/2016,10.433333333333334,0.0,0.0,5.516666666666667,331,5.516666666666667,5h 31m,Thursday,1,513,545,28/04/2016,8.55,9.083333333333334,0.5333333333333332,8h 33m,9h 5m,0h 32m
2026352035,2016-04-29,7604,4.71000003814697,4.71000003814697,0.0,0.0,0.0,4.71000003814697,0.0,0,0,352,492,1692,29/04/2016,8.2,0.0,0.0,5.866666666666666,352,5.866666666666666,5h 52m,Friday,1,490,510,29/04/2016,8.166666666666666,8.5,0.3333333333333339,8h 10m,8h 30m,0h 20m
2026352035,2016-04-30,4729,2.9300000667572,2.9300000667572,0.0,0.0,0.0,2.9300000667572,0.0,0,0,233,594,1506,30/04/2016,9.9,0.0,0.0,3.8833333333333333,233,3.8833333333333333,3h 53m,Saturday,1,573,607,30/04/2016,9.55,10.116666666666667,0.5666666666666664,9h 33m,10h 7m,0h 34m
2026352035,2016-05-01,3609,2.27999997138977,2.27999997138977,0.0,0.0,0.0,2.27999997138977,0.0,0,0,191,716,1447,01/05/2016,11.933333333333334,0.0,0.0,3.183333333333333,191,3.183333333333333,3h 11m,Sunday,1,527,546,01/05/2016,8.783333333333333,9.1,0.31666666666666643,8h 47m,9h 6m,0h 19m
2026352035,2016-05-02,7018,4.34999990463257,4.34999990463257,0.0,0.0,0.0,4.34999990463257,0.0,0,0,355,716,1690,02/05/2016,11.933333333333334,0.0,0.0,5.916666666666667,355,5.916666666666667,5h 55m,Monday,1,511,543,02/05/2016,8.516666666666667,9.05,0.5333333333333332,8h 31m,9h 3m,0h 32m
2026352035,2016-05-04,6564,4.07000017166138,4.07000017166138,0.0,0.0,0.0,4.07000017166138,0.0,0,0,345,530,1658,04/05/2016,8.833333333333334,0.0,0.0,5.75,345,5.75,5h 45m,Wednesday,1,538,560,04/05/2016,8.966666666666667,9.333333333333334,0.36666666666666714,8h 58m,9h 20m,0h 22m
2026352035,2016-05-05,12167,7.53999996185303,7.53999996185303,0.0,0.0,0.0,7.53999996185303,0.0,0,0,475,479,1926,05/05/2016,7.983333333333333,0.0,0.0,7.916666666666667,475,7.916666666666667,7h 55m,Thursday,1,468,485,05/05/2016,7.8,8.083333333333334,0.2833333333333341,7h 48m,8h 5m,0h 17m
2026352035,2016-05-06,8198,5.07999992370605,5.07999992370605,0.0,0.0,0.0,5.07999992370605,0.0,0,0,383,511,1736,06/05/2016,8.516666666666667,0.0,0.0,6.383333333333334,383,6.383333333333334,6h 23m,Friday,1,524,548,06/05/2016,8.733333333333333,9.133333333333333,0.40000000000000036,8h 44m,9h 8m,0h 24m
2026352035,2016-05-07,4193,2.59999990463257,2.59999990463257,0.0,0.0,0.0,2.59999990463257,0.0,0,0,229,665,1491,07/05/2016,11.083333333333334,0.0,0.0,3.816666666666667,229,3.816666666666667,3h 49m,Saturday,1,511,521,07/05/2016,8.516666666666667,8.683333333333334,0.16666666666666607,8h 31m,8h 41m,0h 10m
2026352035,2016-05-08,5528,3.45000004768372,3.45000004768372,0.0,0.0,0.0,3.45000004768372,0.0,0,0,258,610,1555,08/05/2016,10.166666666666666,0.0,0.0,4.3,258,4.3,4h 18m,Sunday,1,541,568,08/05/2016,9.016666666666667,9.466666666666667,0.4499999999999993,9h 1m,9h 28m,0h 27m
2026352035,2016-05-09,10685,6.61999988555908,6.61999988555908,0.0,0.0,0.0,6.59999990463257,0.0,0,0,401,543,1869,09/05/2016,9.05,0.0,0.0,6.683333333333334,401,6.683333333333334,6h 41m,Monday,1,531,556,09/05/2016,8.85,9.266666666666667,0.41666666666666785,8h 51m,9h 16m,0h 25m
2026352035,2016-05-10,254,0.159999996423721,0.159999996423721,0.0,0.0,0.0,0.159999996423721,0.0,0,0,17,1002,1141,10/05/2016,16.7,0.0,0.0,0.2833333333333333,17,0.2833333333333333,0h 17m,Tuesday,1,357,380,10/05/2016,5.95,6.333333333333333,0.38333333333333286,5h 57m,6h 20m,0h 23m
2026352035,2016-05-11,8580,5.32000017166138,5.32000017166138,0.0,0.0,0.0,5.32000017166138,0.0,0,0,330,569,1698,11/05/2016,9.483333333333333,0.0,0.0,5.5,330,5.5,5h 30m,Wednesday,1,523,553,11/05/2016,8.716666666666667,9.216666666666667,0.5,8h 43m,9h 13m,0h 30m
2026352035,2016-05-12,8891,5.51000022888184,5.51000022888184,0.0,0.0,0.0,5.51000022888184,0.0,0,0,343,330,1364,12/05/2016,5.5,0.0,0.0,5.716666666666667,343,5.716666666666667,5h 43m,Thursday,1,456,485,12/05/2016,7.6,8.083333333333334,0.4833333333333343,7h 36m,8h 5m,0h 29m
2320127002,2016-04-23,5079,3.42000007629395,3.42000007629395,0.0,0.0,0.0,3.42000007629395,0.0,0,0,242,1129,1804,23/04/2016,18.816666666666666,0.0,0.0,4.033333333333333,242,4.033333333333333,4h 2m,Saturday,1,61,69,23/04/2016,1.0166666666666666,1.15,0.1333333333333333,1h 1m,1h 9m,0h 8m
2347167796,2016-04-13,10352,7.01000022888184,7.01000022888184,0.0,1.6599999666214,1.94000005722046,3.41000008583069,0.0,19,32,195,676,2038,13/04/2016,11.266666666666667,0.31666666666666665,0.5333333333333333,3.25,246,4.1,4h 6m,Wednesday,1,467,531,13/04/2016,7.783333333333333,8.85,1.0666666666666664,7h 47m,8h 51m,1h 4m
2347167796,2016-04-14,10129,6.69999980926514,6.69999980926514,0.0,0.0199999995529652,2.74000000953674,3.94000005722046,0.0,1,48,206,705,2010,14/04/2016,11.75,0.016666666666666666,0.8,3.433333333333333,255,4.25,4h 15m,Thursday,1,445,489,14/04/2016,7.416666666666667,8.15,0.7333333333333334,7h 25m,8h 9m,0h 44m
2347167796,2016-04-15,10465,6.92000007629395,6.92000007629395,0.0,0.0700000002980232,1.41999995708466,5.42999982833862,0.0,1,24,284,720,2133,15/04/2016,12.0,0.016666666666666666,0.4,4.733333333333333,309,5.15,5h 9m,Friday,1,452,504,15/04/2016,7.533333333333333,8.4,0.8666666666666671,7h 32m,8h 24m,0h 52m
2347167796,2016-04-17,5472,3.61999988555908,3.61999988555908,0.0,0.0799999982118607,0.280000001192093,3.25999999046326,0.0,1,7,249,508,1882,17/04/2016,8.466666666666667,0.016666666666666666,0.11666666666666667,4.15,257,4.283333333333333,4h 17m,Sunday,1,556,602,17/04/2016,9.266666666666667,10.033333333333333,0.7666666666666657,9h 16m,10h 2m,0h 46m
2347167796,2016-04-18,8247,5.44999980926514,5.44999980926514,0.0,0.790000021457672,0.860000014305115,3.78999996185303,0.0,11,16,206,678,1944,18/04/2016,11.3,0.18333333333333332,0.26666666666666666,3.433333333333333,233,3.8833333333333333,3h 53m,Monday,1,500,557,18/04/2016,8.333333333333334,9.283333333333333,0.9499999999999993,8h 20m,9h 17m,0h 57m
2347167796,2016-04-19,6711,4.44000005722046,4.44000005722046,0.0,0.0,0.0,4.44000005722046,0.0,0,7,382,648,2346,19/04/2016,10.8,0.0,0.11666666666666667,6.366666666666666,389,6.483333333333333,6h 29m,Tuesday,1,465,514,19/04/2016,7.75,8.566666666666666,0.8166666666666664,7h 45m,8h 34m,0h 49m
2347167796,2016-04-21,10080,6.75,6.75,0.0,1.85000002384186,1.52999997138977,3.38000011444092,0.0,23,26,208,761,2048,21/04/2016,12.683333333333334,0.38333333333333336,0.43333333333333335,3.466666666666667,257,4.283333333333333,4h 17m,Thursday,1,460,484,21/04/2016,7.666666666666667,8.066666666666666,0.39999999999999947,7h 40m,8h 4m,0h 24m
2347167796,2016-04-22,7804,5.15999984741211,5.15999984741211,0.0,0.560000002384186,1.67999994754791,2.92000007629395,0.0,9,27,206,781,1946,22/04/2016,13.016666666666667,0.15,0.45,3.433333333333333,242,4.033333333333333,4h 2m,Friday,1,405,461,22/04/2016,6.75,7.683333333333334,0.9333333333333336,6h 45m,7h 41m,0h 56m
2347167796,2016-04-23,16901,11.3699998855591,11.3699998855591,0.0,2.77999997138977,1.45000004768372,7.15000009536743,0.0,32,35,360,591,2629,23/04/2016,9.85,0.5333333333333333,0.5833333333333334,6.0,427,7.116666666666666,7h 7m,Saturday,1,374,386,23/04/2016,6.233333333333333,6.433333333333334,0.20000000000000018,6h 14m,6h 26m,0h 12m
2347167796,2016-04-24,9471,6.26000022888184,6.26000022888184,0.0,0.0,0.0,6.26000022888184,0.0,0,0,360,584,2187,24/04/2016,9.733333333333333,0.0,0.0,6.0,360,6.0,6h 0m,Sunday,1,442,459,24/04/2016,7.366666666666666,7.65,0.2833333333333341,7h 22m,7h 39m,0h 17m
2347167796,2016-04-25,9482,6.38000011444092,6.38000011444092,0.0,1.26999998092651,0.519999980926514,4.59999990463257,0.0,15,11,277,653,2095,25/04/2016,10.883333333333333,0.25,0.18333333333333332,4.616666666666666,303,5.05,5h 3m,Monday,1,433,471,25/04/2016,7.216666666666667,7.85,0.6333333333333329,7h 13m,7h 51m,0h 38m
2347167796,2016-04-26,5980,3.95000004768372,3.95000004768372,0.0,0.0,0.0,3.95000004768372,0.0,0,0,227,732,1861,26/04/2016,12.2,0.0,0.0,3.783333333333333,227,3.783333333333333,3h 47m,Tuesday,1,436,490,26/04/2016,7.266666666666667,8.166666666666666,0.8999999999999995,7h 16m,8h 10m,0h 54m
2347167796,2016-04-27,11423,7.57999992370605,7.57999992370605,0.0,1.86000001430511,0.400000005960464,5.32000017166138,0.0,26,9,295,623,2194,27/04/2016,10.383333333333333,0.43333333333333335,0.15,4.916666666666667,330,5.5,5h 30m,Wednesday,1,448,499,27/04/2016,7.466666666666667,8.316666666666666,0.8499999999999996,7h 28m,8h 19m,0h 51m
2347167796,2016-04-28,5439,3.59999990463257,3.59999990463257,0.0,0.0,0.0,3.59999990463257,0.0,0,0,229,764,1854,28/04/2016,12.733333333333333,0.0,0.0,3.816666666666667,229,3.816666666666667,3h 49m,Thursday,1,408,450,28/04/2016,6.8,7.5,0.7000000000000002,6h 48m,7h 30m,0h 42m
2347167796,2016-04-29,42,0.0299999993294477,0.0299999993294477,0.0,0.0,0.0,0.0299999993294477,0.0,0,0,4,2,403,29/04/2016,0.03333333333333333,0.0,0.0,0.06666666666666667,4,0.06666666666666667,0h 4m,Friday,1,411,473,29/04/2016,6.85,7.883333333333334,1.033333333333334,6h 51m,7h 53m,1h 2m
3977333714,2016-04-12,8856,5.98000001907349,5.98000001907349,0.0,3.05999994277954,0.910000026226044,2.00999999046326,0.0,44,19,131,777,1450,12/04/2016,12.95,0.7333333333333333,0.31666666666666665,2.183333333333333,194,3.2333333333333334,3h 14m,Tuesday,1,274,469,12/04/2016,4.566666666666666,7.816666666666666,3.25,4h 34m,7h 49m,3h 15m
3977333714,2016-04-13,10035,6.71000003814697,6.71000003814697,0.0,2.02999997138977,2.13000011444092,2.54999995231628,0.0,31,46,153,754,1495,13/04/2016,12.566666666666666,0.5166666666666667,0.7666666666666667,2.55,230,3.8333333333333335,3h 50m,Wednesday,2,295,456,13/04/2016,4.916666666666667,7.6,2.6833333333333327,4h 55m,7h 36m,2h 41m
3977333714,2016-04-14,7641,5.1100001335144,5.1100001335144,0.0,0.319999992847443,0.970000028610229,3.8199999332428,0.0,5,23,214,801,1433,14/04/2016,13.35,0.08333333333333333,0.38333333333333336,3.566666666666667,242,4.033333333333333,4h 2m,Thursday,1,291,397,14/04/2016,4.85,6.616666666666666,1.7666666666666666,4h 51m,6h 37m,1h 46m
3977333714,2016-04-15,9010,6.05999994277954,6.05999994277954,0.0,1.04999995231628,1.75,3.25999999046326,0.0,15,42,183,644,1468,15/04/2016,10.733333333333333,0.25,0.7,3.05,240,4.0,4h 0m,Friday,1,424,556,15/04/2016,7.066666666666666,9.266666666666667,2.200000000000001,7h 4m,9h 16m,2h 12m
3977333714,2016-04-16,13459,9.0,9.0,0.0,2.02999997138977,4.0,2.97000002861023,0.0,31,83,153,663,1625,16/04/2016,11.05,0.5166666666666667,1.3833333333333333,2.55,267,4.45,4h 27m,Saturday,1,283,510,16/04/2016,4.716666666666667,8.5,3.783333333333333,4h 43m,8h 30m,3h 47m
3977333714,2016-04-17,10415,6.96999979019165,6.96999979019165,0.0,0.699999988079071,2.34999990463257,3.92000007629395,0.0,11,58,205,600,1529,17/04/2016,10.0,0.18333333333333332,0.9666666666666667,3.4166666666666665,274,4.566666666666666,4h 34m,Sunday,1,381,566,17/04/2016,6.35,9.433333333333334,3.083333333333334,6h 21m,9h 26m,3h 5m
3977333714,2016-04-18,11663,7.80000019073486,7.80000019073486,0.0,0.25,3.73000001907349,3.8199999332428,0.0,4,95,214,605,1584,18/04/2016,10.083333333333334,0.06666666666666667,1.5833333333333333,3.566666666666667,313,5.216666666666667,5h 13m,Monday,2,412,522,18/04/2016,6.866666666666666,8.7,1.833333333333333,6h 52m,8h 42m,1h 50m
3977333714,2016-04-19,12414,8.77999973297119,8.77999973297119,0.0,2.24000000953674,2.45000004768372,3.96000003814697,0.0,19,67,221,738,1638,19/04/2016,12.3,0.31666666666666665,1.1166666666666667,3.683333333333333,307,5.116666666666666,5h 7m,Tuesday,1,219,395,19/04/2016,3.65,6.583333333333333,2.933333333333333,3h 39m,6h 35m,2h 56m
3977333714,2016-04-20,11658,7.82999992370605,7.82999992370605,0.0,0.200000002980232,4.34999990463257,3.27999997138977,0.0,2,98,164,845,1554,20/04/2016,14.083333333333334,0.03333333333333333,1.6333333333333333,2.7333333333333334,264,4.4,4h 24m,Wednesday,2,152,305,20/04/2016,2.533333333333333,5.083333333333333,2.55,2h 32m,5h 5m,2h 33m
3977333714,2016-04-21,6093,4.07999992370605,4.07999992370605,0.0,0.0,0.0,4.05999994277954,0.0,0,0,242,712,1397,21/04/2016,11.866666666666667,0.0,0.0,4.033333333333333,242,4.033333333333333,4h 2m,Thursday,1,332,512,21/04/2016,5.533333333333333,8.533333333333333,3.0,5h 32m,8h 32m,3h 0m
3977333714,2016-04-22,8911,5.96000003814697,5.96000003814697,0.0,2.32999992370605,0.579999983310699,3.05999994277954,0.0,33,12,188,731,1481,22/04/2016,12.183333333333334,0.55,0.2,3.1333333333333333,233,3.8833333333333333,3h 53m,Friday,1,355,476,22/04/2016,5.916666666666667,7.933333333333334,2.0166666666666666,5h 55m,7h 56m,2h 1m
3977333714,2016-04-23,12058,8.06999969482422,8.06999969482422,0.0,0.0,4.21999979019165,3.84999990463257,0.0,0,92,252,724,1638,23/04/2016,12.066666666666666,0.0,1.5333333333333334,4.2,344,5.733333333333333,5h 44m,Saturday,1,235,372,23/04/2016,3.9166666666666665,6.2,2.2833333333333337,3h 55m,6h 12m,2h 17m
3977333714,2016-04-24,14112,10.0,10.0,0.0,3.26999998092651,4.55999994277954,2.17000007629395,0.0,30,95,129,660,1655,24/04/2016,11.0,0.5,1.5833333333333333,2.15,254,4.233333333333333,4h 14m,Sunday,1,310,526,24/04/2016,5.166666666666667,8.766666666666667,3.6000000000000005,5h 10m,8h 46m,3h 36m
3977333714,2016-04-25,11177,8.47999954223633,8.47999954223633,0.0,5.61999988555908,0.430000007152557,2.41000008583069,0.0,50,9,133,781,1570,25/04/2016,13.016666666666667,0.8333333333333334,0.15,2.216666666666667,192,3.2,3h 12m,Monday,1,262,467,25/04/2016,4.366666666666666,7.783333333333333,3.416666666666667,4h 22m,7h 47m,3h 25m
3977333714,2016-04-26,11388,7.61999988555908,7.61999988555908,0.0,0.449999988079071,4.21999979019165,2.95000004768372,0.0,7,95,170,797,1551,26/04/2016,13.283333333333333,0.11666666666666667,1.5833333333333333,2.8333333333333335,272,4.533333333333333,4h 32m,Tuesday,1,250,371,26/04/2016,4.166666666666667,6.183333333333334,2.0166666666666666,4h 10m,6h 11m,2h 1m
3977333714,2016-04-27,7193,5.03999996185303,5.03999996185303,0.0,0.0,0.419999986886978,4.61999988555908,0.0,0,10,176,714,1377,27/04/2016,11.9,0.0,0.16666666666666666,2.933333333333333,186,3.1,3h 6m,Wednesday,1,349,540,27/04/2016,5.816666666666666,9.0,3.1833333333333336,5h 49m,9h 0m,3h 11m
3977333714,2016-04-28,7114,4.88000011444092,4.88000011444092,0.0,1.37000000476837,0.28999999165535,3.22000002861023,0.0,15,8,190,804,1407,28/04/2016,13.4,0.25,0.13333333333333333,3.1666666666666665,213,3.55,3h 33m,Thursday,1,261,423,28/04/2016,4.35,7.05,2.7,4h 21m,7h 3m,2h 42m
3977333714,2016-04-29,10645,7.75,7.75,0.0,3.74000000953674,1.29999995231628,2.71000003814697,0.0,36,32,150,744,1545,29/04/2016,12.4,0.6,0.5333333333333333,2.5,218,3.6333333333333333,3h 38m,Friday,1,333,478,29/04/2016,5.55,7.966666666666667,2.416666666666667,5h 33m,7h 58m,2h 25m
3977333714,2016-04-30,13238,9.19999980926514,9.19999980926514,0.0,3.69000005722046,2.09999990463257,3.41000008583069,0.0,43,52,194,687,1650,30/04/2016,11.45,0.7166666666666667,0.8666666666666667,3.2333333333333334,289,4.816666666666666,4h 49m,Saturday,1,237,382,30/04/2016,3.95,6.366666666666666,2.416666666666666,3h 57m,6h 22m,2h 25m
3977333714,2016-05-01,10414,7.07000017166138,7.07000017166138,0.0,2.67000007629395,1.98000001907349,2.41000008583069,0.0,41,40,124,691,1501,01/05/2016,11.516666666666667,0.6833333333333333,0.6666666666666666,2.066666666666667,205,3.4166666666666665,3h 25m,Sunday,1,383,626,01/05/2016,6.383333333333334,10.433333333333334,4.05,6h 23m,10h 26m,4h 3m
3977333714,2016-05-02,16520,11.0500001907349,11.0500001907349,0.0,1.53999996185303,6.48000001907349,3.01999998092651,0.0,24,143,176,713,1760,02/05/2016,11.883333333333333,0.4,2.3833333333333333,2.933333333333333,343,5.716666666666667,5h 43m,Monday,1,230,384,02/05/2016,3.8333333333333335,6.4,2.566666666666667,3h 50m,6h 24m,2h 34m
3977333714,2016-05-03,14335,9.59000015258789,9.59000015258789,0.0,3.3199999332428,1.74000000953674,4.53000020980835,0.0,47,41,258,594,1710,03/05/2016,9.9,0.7833333333333333,0.6833333333333333,4.3,346,5.766666666666667,5h 46m,Tuesday,1,292,500,03/05/2016,4.866666666666666,8.333333333333334,3.4666666666666677,4h 52m,8h 20m,3h 28m
3977333714,2016-05-04,13559,9.4399995803833,9.4399995803833,0.0,1.80999994277954,4.57999992370605,2.89000010490417,0.0,14,96,142,852,1628,04/05/2016,14.2,0.23333333333333334,1.6,2.3666666666666667,252,4.2,4h 12m,Wednesday,1,213,336,04/05/2016,3.55,5.6,2.05,3h 33m,5h 36m,2h 3m
3977333714,2016-05-05,12312,8.57999992370605,8.57999992370605,0.0,1.75999999046326,4.1100001335144,2.71000003814697,0.0,14,88,178,680,1618,05/05/2016,11.333333333333334,0.23333333333333334,1.4666666666666666,2.966666666666667,280,4.666666666666667,4h 40m,Thursday,1,318,480,05/05/2016,5.3,8.0,2.7,5h 18m,8h 0m,2h 42m
3977333714,2016-05-06,11677,8.27999973297119,8.27999973297119,0.0,3.10999989509583,2.50999999046326,2.67000007629395,0.0,29,55,168,676,1590,06/05/2016,11.266666666666667,0.48333333333333334,0.9166666666666666,2.8,252,4.2,4h 12m,Friday,1,323,512,06/05/2016,5.383333333333334,8.533333333333333,3.1499999999999995,5h 23m,8h 32m,3h 9m
3977333714,2016-05-07,11550,7.73000001907349,7.73000001907349,0.0,0.0,4.13000011444092,3.58999991416931,0.0,0,86,208,703,1574,07/05/2016,11.716666666666667,0.0,1.4333333333333333,3.466666666666667,294,4.9,4h 54m,Saturday,1,237,443,07/05/2016,3.95,7.383333333333334,3.4333333333333336,3h 57m,7h 23m,3h 26m
3977333714,2016-05-08,13585,9.09000015258789,9.09000015258789,0.0,0.680000007152557,5.23999977111816,3.17000007629395,0.0,9,116,171,688,1633,08/05/2016,11.466666666666667,0.15,1.9333333333333333,2.85,296,4.933333333333334,4h 56m,Sunday,2,259,456,08/05/2016,4.316666666666666,7.6,3.283333333333333,4h 19m,7h 36m,3h 17m
3977333714,2016-05-10,13072,8.77999973297119,8.77999973297119,0.0,0.0700000002980232,5.40000009536743,3.30999994277954,0.0,1,115,196,676,1630,10/05/2016,11.266666666666667,0.016666666666666666,1.9166666666666667,3.2666666666666666,312,5.2,5h 12m,Tuesday,1,312,452,10/05/2016,5.2,7.533333333333333,2.333333333333333,5h 12m,7h 32m,2h 20m
4020332650,2016-04-12,8539,6.11999988555908,6.11999988555908,0.0,0.150000005960464,0.239999994635582,5.67999982833862,0.0,4,15,331,712,3654,12/04/2016,11.866666666666667,0.06666666666666667,0.25,5.516666666666667,350,5.833333333333333,5h 50m,Tuesday,1,501,541,12/04/2016,8.35,9.016666666666667,0.6666666666666679,8h 21m,9h 1m,0h 40m
4020332650,2016-04-16,1982,1.41999995708466,1.41999995708466,0.0,0.449999988079071,0.370000004768372,0.589999973773956,0.0,65,21,55,1222,3051,16/04/2016,20.366666666666667,1.0833333333333333,0.35,0.9166666666666666,141,2.35,2h 21m,Saturday,1,77,77,16/04/2016,1.2833333333333334,1.2833333333333334,0.0,1h 17m,1h 17m,0h 0m
4020332650,2016-05-03,4496,3.22000002861023,3.22000002861023,0.0,0.0,0.0,3.15000009536743,0.0500000007450581,0,0,174,950,2828,03/05/2016,15.833333333333334,0.0,0.0,2.9,174,2.9,2h 54m,Tuesday,1,322,332,03/05/2016,5.366666666666666,5.533333333333333,0.16666666666666696,5h 22m,5h 32m,0h 10m
4020332650,2016-05-04,10252,7.34999990463257,7.34999990463257,0.0,0.670000016689301,1.03999996185303,5.57999992370605,0.0,13,46,346,531,3879,04/05/2016,8.85,0.21666666666666667,0.7666666666666667,5.766666666666667,405,6.75,6h 45m,Wednesday,1,478,536,04/05/2016,7.966666666666667,8.933333333333334,0.9666666666666668,7h 58m,8h 56m,0h 58m
4020332650,2016-05-05,11728,8.43000030517578,8.43000030517578,0.0,2.61999988555908,1.67999994754791,4.03999996185303,0.0700000002980232,38,42,196,916,3429,05/05/2016,15.266666666666667,0.6333333333333333,0.7,3.2666666666666666,276,4.6,4h 36m,Thursday,1,226,248,05/05/2016,3.7666666666666666,4.133333333333334,0.36666666666666714,3h 46m,4h 8m,0h 22m
4020332650,2016-05-06,4369,3.13000011444092,3.13000011444092,0.0,0.0,0.0,3.09999990463257,0.0099999997764825,0,0,177,855,2704,06/05/2016,14.25,0.0,0.0,2.95,177,2.95,2h 57m,Friday,1,385,408,06/05/2016,6.416666666666667,6.8,0.38333333333333286,6h 25m,6h 48m,0h 23m
4020332650,2016-05-08,5862,4.19999980926514,4.19999980926514,0.0,0.0,0.0,4.15000009536743,0.0,0,0,263,775,3089,08/05/2016,12.916666666666666,0.0,0.0,4.383333333333334,263,4.383333333333334,4h 23m,Sunday,1,364,402,08/05/2016,6.066666666666666,6.7,0.6333333333333337,6h 4m,6h 42m,0h 38m
4020332650,2016-05-10,5546,3.98000001907349,3.98000001907349,0.0,0.0,0.0,3.86999988555908,0.0399999991059303,0,0,206,774,2926,10/05/2016,12.9,0.0,0.0,3.433333333333333,206,3.433333333333333,3h 26m,Tuesday,1,442,494,10/05/2016,7.366666666666666,8.233333333333333,0.8666666666666663,7h 22m,8h 14m,0h 52m
4319703577,2016-04-14,10210,6.88000011444092,6.88000011444092,0.0,0.109999999403954,0.330000013113022,6.44000005722046,0.0,1,9,339,589,2302,14/04/2016,9.816666666666666,0.016666666666666666,0.15,5.65,349,5.816666666666666,5h 49m,Thursday,1,535,557,14/04/2016,8.916666666666666,9.283333333333333,0.36666666666666714,8h 55m,9h 17m,0h 22m
4319703577,2016-04-15,5664,3.79999995231628,3.79999995231628,0.0,0.0,0.0,3.79999995231628,0.0,0,0,228,752,1985,15/04/2016,12.533333333333333,0.0,0.0,3.8,228,3.8,3h 48m,Friday,1,465,491,15/04/2016,7.75,8.183333333333334,0.43333333333333357,7h 45m,8h 11m,0h 26m
4319703577,2016-04-16,4744,3.1800000667572,3.1800000667572,0.0,0.0,0.0,3.1800000667572,0.0,0,0,194,724,1884,16/04/2016,12.066666666666666,0.0,0.0,3.2333333333333334,194,3.2333333333333334,3h 14m,Saturday,1,506,522,16/04/2016,8.433333333333334,8.7,0.2666666666666657,8h 26m,8h 42m,0h 16m
4319703577,2016-04-18,2276,1.54999995231628,1.54999995231628,0.0,0.0700000002980232,0.330000013113022,1.12000000476837,0.0,1,9,58,824,1632,18/04/2016,13.733333333333333,0.016666666666666666,0.15,0.9666666666666667,68,1.1333333333333333,1h 8m,Monday,1,515,551,18/04/2016,8.583333333333334,9.183333333333334,0.5999999999999996,8h 35m,9h 11m,0h 36m
4319703577,2016-04-19,8925,5.98999977111816,5.98999977111816,0.0,0.0,0.0,5.98999977111816,0.0,0,0,311,604,2200,19/04/2016,10.066666666666666,0.0,0.0,5.183333333333334,311,5.183333333333334,5h 11m,Tuesday,2,461,498,19/04/2016,7.683333333333334,8.3,0.6166666666666671,7h 41m,8h 18m,0h 37m
4319703577,2016-04-20,8954,6.01000022888184,6.01000022888184,0.0,0.0,0.680000007152557,5.30999994277954,0.0,0,18,306,671,2220,20/04/2016,11.183333333333334,0.0,0.3,5.1,324,5.4,5h 24m,Wednesday,1,523,543,20/04/2016,8.716666666666667,9.05,0.3333333333333339,8h 43m,9h 3m,0h 20m
4319703577,2016-04-21,3702,2.48000001907349,2.48000001907349,0.0,0.0,0.0,0.349999994039536,0.0,0,0,34,1265,1792,21/04/2016,21.083333333333332,0.0,0.0,0.5666666666666667,34,0.5666666666666667,0h 34m,Thursday,1,59,65,21/04/2016,0.9833333333333333,1.0833333333333333,0.09999999999999998,0h 59m,1h 5m,0h 6m
4319703577,2016-04-22,4500,3.01999998092651,3.01999998092651,0.0,0.0599999986588955,0.810000002384186,2.15000009536743,0.0,1,19,176,709,1886,22/04/2016,11.816666666666666,0.016666666666666666,0.31666666666666665,2.933333333333333,196,3.2666666666666666,3h 16m,Friday,1,533,550,22/04/2016,8.883333333333333,9.166666666666666,0.2833333333333332,8h 53m,9h 10m,0h 17m
4319703577,2016-04-23,4935,3.30999994277954,3.30999994277954,0.0,0.0,0.0,3.30999994277954,0.0,0,0,233,546,1945,23/04/2016,9.1,0.0,0.0,3.8833333333333333,233,3.8833333333333333,3h 53m,Saturday,1,692,722,23/04/2016,11.533333333333333,12.033333333333333,0.5,11h 32m,12h 2m,0h 30m
4319703577,2016-04-24,4081,2.74000000953674,2.74000000953674,0.0,0.0599999986588955,0.200000002980232,2.47000002861023,0.0,1,5,191,692,1880,24/04/2016,11.533333333333333,0.016666666666666666,0.08333333333333333,3.183333333333333,197,3.283333333333333,3h 17m,Sunday,1,467,501,24/04/2016,7.783333333333333,8.35,0.5666666666666664,7h 47m,8h 21m,0h 34m
4319703577,2016-04-25,9259,6.21000003814697,6.21000003814697,0.0,0.0,0.280000001192093,5.92999982833862,0.0,0,8,390,544,2314,25/04/2016,9.066666666666666,0.0,0.13333333333333333,6.5,398,6.633333333333334,6h 38m,Monday,1,488,506,25/04/2016,8.133333333333333,8.433333333333334,0.3000000000000007,8h 8m,8h 26m,0h 18m
4319703577,2016-04-26,9899,6.6399998664856,6.6399998664856,0.0,0.569999992847443,0.920000016689301,5.15000009536743,0.0,8,21,288,649,2236,26/04/2016,10.816666666666666,0.13333333333333333,0.35,4.8,317,5.283333333333333,5h 17m,Tuesday,1,505,516,26/04/2016,8.416666666666666,8.6,0.18333333333333357,8h 25m,8h 36m,0h 11m
4319703577,2016-04-27,10780,7.23000001907349,7.23000001907349,0.0,0.409999996423721,1.91999995708466,4.90999984741211,0.0,6,47,300,680,2324,27/04/2016,11.333333333333334,0.1,0.7833333333333333,5.0,353,5.883333333333334,5h 53m,Wednesday,1,286,307,27/04/2016,4.766666666666667,5.116666666666666,0.34999999999999964,4h 46m,5h 7m,0h 21m
4319703577,2016-04-28,10817,7.28000020980835,7.28000020980835,0.0,1.00999999046326,0.330000013113022,5.94000005722046,0.0,13,8,359,552,2367,28/04/2016,9.2,0.21666666666666667,0.13333333333333333,5.983333333333333,380,6.333333333333333,6h 20m,Thursday,1,497,522,28/04/2016,8.283333333333333,8.7,0.4166666666666661,8h 17m,8h 42m,0h 25m
4319703577,2016-04-29,7990,5.3600001335144,5.3600001335144,0.0,0.449999988079071,0.790000021457672,4.11999988555908,0.0,6,18,289,624,2175,29/04/2016,10.4,0.1,0.3,4.816666666666666,313,5.216666666666667,5h 13m,Friday,1,523,546,29/04/2016,8.716666666666667,9.1,0.38333333333333286,8h 43m,9h 6m,0h 23m
4319703577,2016-04-30,8221,5.51999998092651,5.51999998092651,0.0,0.400000005960464,1.61000001430511,3.50999999046326,0.0,6,38,196,695,2092,30/04/2016,11.583333333333334,0.1,0.6333333333333333,3.2666666666666666,240,4.0,4h 0m,Saturday,1,490,516,30/04/2016,8.166666666666666,8.6,0.43333333333333357,8h 10m,8h 36m,0h 26m
4319703577,2016-05-01,1251,0.839999973773956,0.839999973773956,0.0,0.0,0.0,0.839999973773956,0.0,0,0,67,836,1593,01/05/2016,13.933333333333334,0.0,0.0,1.1166666666666667,67,1.1166666666666667,1h 7m,Sunday,1,484,500,01/05/2016,8.066666666666666,8.333333333333334,0.2666666666666675,8h 4m,8h 20m,0h 16m
4319703577,2016-05-02,9261,6.23999977111816,6.23999977111816,0.0,0.0,0.439999997615814,5.71000003814697,0.0,0,11,344,585,2270,02/05/2016,9.75,0.0,0.18333333333333332,5.733333333333333,355,5.916666666666667,5h 55m,Monday,1,478,506,02/05/2016,7.966666666666667,8.433333333333334,0.4666666666666668,7h 58m,8h 26m,0h 28m
4319703577,2016-05-03,9648,6.46999979019165,6.46999979019165,0.0,0.579999983310699,1.07000005245209,4.82999992370605,0.0,8,26,287,669,2235,03/05/2016,11.15,0.13333333333333333,0.43333333333333335,4.783333333333333,321,5.35,5h 21m,Tuesday,1,474,512,03/05/2016,7.9,8.533333333333333,0.6333333333333329,7h 54m,8h 32m,0h 38m
4319703577,2016-05-06,9524,6.42000007629395,6.42000007629395,0.0,0.409999996423721,0.469999998807907,5.46000003814697,0.0,6,11,314,692,2266,06/05/2016,11.533333333333333,0.1,0.18333333333333332,5.233333333333333,331,5.516666666666667,5h 31m,Friday,1,450,491,06/05/2016,7.5,8.183333333333334,0.6833333333333336,7h 30m,8h 11m,0h 41m
4319703577,2016-05-07,7937,5.32999992370605,5.32999992370605,0.0,0.189999997615814,1.04999995231628,4.07999992370605,0.0,3,28,279,586,2158,07/05/2016,9.766666666666667,0.05,0.4666666666666667,4.65,310,5.166666666666667,5h 10m,Saturday,1,507,530,07/05/2016,8.45,8.833333333333334,0.38333333333333464,8h 27m,8h 50m,0h 23m
4319703577,2016-05-08,3672,2.46000003814697,2.46000003814697,0.0,0.0,0.0,2.46000003814697,0.0,0,0,153,603,1792,08/05/2016,10.05,0.0,0.0,2.55,153,2.55,2h 33m,Sunday,1,602,638,08/05/2016,10.033333333333333,10.633333333333333,0.5999999999999996,10h 2m,10h 38m,0h 36m
4319703577,2016-05-09,10378,6.96000003814697,6.96000003814697,0.0,0.140000000596046,0.560000002384186,6.25,0.0,2,14,374,490,2345,09/05/2016,8.166666666666666,0.03333333333333333,0.23333333333333334,6.233333333333333,390,6.5,6h 30m,Monday,1,535,565,09/05/2016,8.916666666666666,9.416666666666666,0.5,8h 55m,9h 25m,0h 30m
4319703577,2016-05-10,9487,6.36999988555908,6.36999988555908,0.0,0.209999993443489,0.46000000834465,5.69999980926514,0.0,3,12,329,555,2260,10/05/2016,9.25,0.05,0.2,5.483333333333333,344,5.733333333333333,5h 44m,Tuesday,1,487,517,10/05/2016,8.116666666666667,8.616666666666667,0.5,8h 7m,8h 37m,0h 30m
4319703577,2016-05-11,9129,6.13000011444092,6.13000011444092,0.0,0.200000002980232,0.740000009536743,5.17999982833862,0.0,3,18,311,574,2232,11/05/2016,9.566666666666666,0.05,0.3,5.183333333333334,332,5.533333333333333,5h 32m,Wednesday,1,529,558,11/05/2016,8.816666666666666,9.3,0.4833333333333343,8h 49m,9h 18m,0h 29m
4319703577,2016-05-12,17,0.0099999997764825,0.0099999997764825,0.0,0.0,0.0,0.0099999997764825,0.0,0,0,2,0,257,12/05/2016,0.0,0.0,0.0,0.03333333333333333,2,0.03333333333333333,0h 2m,Thursday,1,302,321,12/05/2016,5.033333333333333,5.35,0.31666666666666643,5h 2m,5h 21m,0h 19m
4388161847,2016-04-15,8758,6.73000001907349,6.73000001907349,0.0,0.0,0.0,6.73000001907349,0.0,0,0,299,837,3066,15/04/2016,13.95,0.0,0.0,4.983333333333333,299,4.983333333333333,4h 59m,Friday,1,499,526,15/04/2016,8.316666666666666,8.766666666666667,0.45000000000000107,8h 19m,8h 46m,0h 27m
4388161847,2016-04-16,6580,5.05999994277954,5.05999994277954,0.0,0.209999993443489,0.400000005960464,4.44999980926514,0.0,6,9,253,609,3073,16/04/2016,10.15,0.1,0.15,4.216666666666667,268,4.466666666666667,4h 28m,Saturday,2,426,448,16/04/2016,7.1,7.466666666666667,0.36666666666666714,7h 6m,7h 28m,0h 22m
4388161847,2016-04-17,4660,3.57999992370605,3.57999992370605,0.0,0.0,0.0,3.57999992370605,0.0,0,0,201,721,2572,17/04/2016,12.016666666666667,0.0,0.0,3.35,201,3.35,3h 21m,Sunday,2,619,641,17/04/2016,10.316666666666666,10.683333333333334,0.36666666666666714,10h 19m,10h 41m,0h 22m
4388161847,2016-04-18,11009,9.10000038146973,9.10000038146973,0.0,3.55999994277954,0.400000005960464,5.1399998664856,0.0,27,8,239,1017,3274,18/04/2016,16.95,0.45,0.13333333333333333,3.9833333333333334,274,4.566666666666666,4h 34m,Monday,1,99,104,18/04/2016,1.65,1.7333333333333334,0.08333333333333348,1h 39m,1h 44m,0h 5m
4388161847,2016-04-19,10181,7.82999992370605,7.82999992370605,0.0,1.37000000476837,0.689999997615814,5.76999998092651,0.0,20,16,249,704,3015,19/04/2016,11.733333333333333,0.3333333333333333,0.26666666666666666,4.15,285,4.75,4h 45m,Tuesday,1,329,338,19/04/2016,5.483333333333333,5.633333333333334,0.15000000000000036,5h 29m,5h 38m,0h 9m
4388161847,2016-04-20,10553,8.11999988555908,8.11999988555908,0.0,1.10000002384186,1.72000002861023,5.28999996185303,0.0,19,42,228,696,3083,20/04/2016,11.6,0.31666666666666665,0.7,3.8,289,4.816666666666666,4h 49m,Wednesday,1,421,451,20/04/2016,7.016666666666667,7.516666666666667,0.5,7h 1m,7h 31m,0h 30m
4388161847,2016-04-21,10055,7.73000001907349,7.73000001907349,0.0,0.370000004768372,0.389999985694885,6.98000001907349,0.0,7,12,272,853,3069,21/04/2016,14.216666666666667,0.11666666666666667,0.2,4.533333333333333,291,4.85,4h 51m,Thursday,1,442,458,21/04/2016,7.366666666666666,7.633333333333334,0.2666666666666675,7h 22m,7h 38m,0h 16m
4388161847,2016-04-22,12139,9.34000015258789,9.34000015258789,0.0,3.29999995231628,1.11000001430511,4.92000007629395,0.0,77,25,220,945,3544,22/04/2016,15.75,1.2833333333333334,0.4166666666666667,3.6666666666666665,322,5.366666666666666,5h 22m,Friday,1,82,85,22/04/2016,1.3666666666666667,1.4166666666666667,0.050000000000000044,1h 22m,1h 25m,0h 3m
4388161847,2016-04-23,13236,10.1800003051758,10.1800003051758,0.0,4.5,0.319999992847443,5.34999990463257,0.0,58,5,215,749,3306,23/04/2016,12.483333333333333,0.9666666666666667,0.08333333333333333,3.5833333333333335,278,4.633333333333334,4h 38m,Saturday,1,478,501,23/04/2016,7.966666666666667,8.35,0.38333333333333286,7h 58m,8h 21m,0h 23m
4388161847,2016-04-24,10243,7.88000011444092,7.88000011444092,0.0,1.08000004291534,0.509999990463257,6.30000019073486,0.0,14,8,239,584,2885,24/04/2016,9.733333333333333,0.23333333333333334,0.13333333333333333,3.9833333333333334,261,4.35,4h 21m,Sunday,3,552,595,24/04/2016,9.2,9.916666666666666,0.7166666666666668,9h 12m,9h 55m,0h 43m
4388161847,2016-04-26,9461,7.28000020980835,7.28000020980835,0.0,0.939999997615814,1.05999994277954,5.26999998092651,0.0,14,23,224,673,2929,26/04/2016,11.216666666666667,0.23333333333333334,0.38333333333333336,3.7333333333333334,261,4.35,4h 21m,Tuesday,1,319,346,26/04/2016,5.316666666666666,5.766666666666667,0.4500000000000002,5h 19m,5h 46m,0h 27m
4388161847,2016-04-27,11193,8.60999965667725,8.60999965667725,0.0,0.699999988079071,2.50999999046326,5.3899998664856,0.0,11,48,241,684,3074,27/04/2016,11.4,0.18333333333333332,0.8,4.016666666666667,300,5.0,5h 0m,Wednesday,1,439,500,27/04/2016,7.316666666666666,8.333333333333334,1.0166666666666675,7h 19m,8h 20m,1h 1m
4388161847,2016-04-28,10074,7.75,7.75,0.0,1.28999996185303,0.430000007152557,6.03000020980835,0.0,19,9,234,878,2969,28/04/2016,14.633333333333333,0.31666666666666665,0.15,3.9,262,4.366666666666666,4h 22m,Thursday,1,428,458,28/04/2016,7.133333333333334,7.633333333333334,0.5,7h 8m,7h 38m,0h 30m
4388161847,2016-04-30,12533,9.64000034332275,9.64000034332275,0.0,0.699999988079071,2.0,6.94000005722046,0.0,14,43,300,537,3283,30/04/2016,8.95,0.23333333333333334,0.7166666666666667,5.0,357,5.95,5h 57m,Saturday,2,409,430,30/04/2016,6.816666666666666,7.166666666666667,0.35000000000000053,6h 49m,7h 10m,0h 21m
4388161847,2016-05-01,10255,7.8899998664856,7.8899998664856,0.0,1.00999999046326,0.680000007152557,6.19999980926514,0.0,12,15,241,579,2926,01/05/2016,9.65,0.2,0.25,4.016666666666667,268,4.466666666666667,4h 28m,Sunday,1,547,597,01/05/2016,9.116666666666667,9.95,0.8333333333333321,9h 7m,9h 57m,0h 50m
4388161847,2016-05-02,10096,8.39999961853027,8.39999961853027,0.0,3.76999998092651,0.0799999982118607,4.55000019073486,0.0,33,4,204,935,3147,02/05/2016,15.583333333333334,0.55,0.06666666666666667,3.4,241,4.016666666666667,4h 1m,Monday,2,368,376,02/05/2016,6.133333333333334,6.266666666666667,0.13333333333333286,6h 8m,6h 16m,0h 8m
4388161847,2016-05-04,12375,9.52000045776367,9.52000045776367,0.0,2.78999996185303,0.930000007152557,5.80000019073486,0.0,35,21,251,632,3162,04/05/2016,10.533333333333333,0.5833333333333334,0.35,4.183333333333334,307,5.116666666666666,5h 7m,Wednesday,1,390,414,04/05/2016,6.5,6.9,0.40000000000000036,6h 30m,6h 54m,0h 24m
4388161847,2016-05-05,9603,7.38000011444092,7.38000011444092,0.0,0.629999995231628,1.66999995708466,5.09000015258789,0.0,12,39,199,896,2899,05/05/2016,14.933333333333334,0.2,0.65,3.316666666666667,250,4.166666666666667,4h 10m,Thursday,1,471,495,05/05/2016,7.85,8.25,0.40000000000000036,7h 51m,8h 15m,0h 24m
4388161847,2016-05-07,22770,17.5400009155273,17.5400009155273,0.0,9.44999980926514,2.76999998092651,5.32999992370605,0.0,120,56,260,508,4022,07/05/2016,8.466666666666667,2.0,0.9333333333333333,4.333333333333333,436,7.266666666666667,7h 16m,Saturday,1,472,496,07/05/2016,7.866666666666666,8.266666666666667,0.40000000000000124,7h 52m,8h 16m,0h 24m
4388161847,2016-05-08,17298,14.3800001144409,14.3800001144409,0.0,9.89000034332275,1.25999999046326,3.23000001907349,0.0,107,38,178,576,3934,08/05/2016,9.6,1.7833333333333334,0.6333333333333333,2.966666666666667,323,5.383333333333334,5h 23m,Sunday,2,529,541,08/05/2016,8.816666666666666,9.016666666666667,0.20000000000000107,8h 49m,9h 1m,0h 12m
4388161847,2016-05-09,10218,7.8600001335144,7.8600001335144,0.0,0.340000003576279,0.730000019073486,6.78999996185303,0.0,6,19,258,1020,3013,09/05/2016,17.0,0.1,0.31666666666666665,4.3,283,4.716666666666667,4h 43m,Monday,1,62,65,09/05/2016,1.0333333333333334,1.0833333333333333,0.04999999999999982,1h 2m,1h 5m,0h 3m
4388161847,2016-05-10,10299,7.92000007629395,7.92000007629395,0.0,0.810000002384186,0.649999976158142,6.46000003814697,0.0,13,14,267,648,3061,10/05/2016,10.8,0.21666666666666667,0.23333333333333334,4.45,294,4.9,4h 54m,Tuesday,1,354,375,10/05/2016,5.9,6.25,0.34999999999999964,5h 54m,6h 15m,0h 21m
4388161847,2016-05-11,10201,7.84000015258789,7.84000015258789,0.0,0.529999971389771,0.790000021457672,6.53000020980835,0.0,8,18,256,858,2954,11/05/2016,14.3,0.13333333333333333,0.3,4.266666666666667,282,4.7,4h 42m,Wednesday,1,469,494,11/05/2016,7.816666666666666,8.233333333333333,0.4166666666666661,7h 49m,8h 14m,0h 25m
4445114986,2016-04-12,3276,2.20000004768372,2.20000004768372,0.0,0.0,0.0,2.20000004768372,0.0,0,0,196,787,2113,12/04/2016,13.116666666666667,0.0,0.0,3.2666666666666666,196,3.2666666666666666,3h 16m,Tuesday,2,429,457,12/04/2016,7.15,7.616666666666666,0.4666666666666659,7h 9m,7h 37m,0h 28m
4445114986,2016-04-13,2961,1.99000000953674,1.99000000953674,0.0,0.0,0.0,1.99000000953674,0.0,0,0,194,840,2095,13/04/2016,14.0,0.0,0.0,3.2333333333333334,194,3.2333333333333334,3h 14m,Wednesday,2,370,406,13/04/2016,6.166666666666667,6.766666666666667,0.5999999999999996,6h 10m,6h 46m,0h 36m
4445114986,2016-04-14,3974,2.67000007629395,2.67000007629395,0.0,0.0,0.0,2.67000007629395,0.0,0,0,231,717,2194,14/04/2016,11.95,0.0,0.0,3.85,231,3.85,3h 51m,Thursday,1,441,492,14/04/2016,7.35,8.2,0.8499999999999996,7h 21m,8h 12m,0h 51m
4445114986,2016-04-15,7198,4.82999992370605,4.82999992370605,0.0,0.0,0.0,4.82999992370605,0.0,0,0,350,711,2496,15/04/2016,11.85,0.0,0.0,5.833333333333333,350,5.833333333333333,5h 50m,Friday,2,337,379,15/04/2016,5.616666666666666,6.316666666666666,0.7000000000000002,5h 37m,6h 19m,0h 42m
4445114986,2016-04-16,3945,2.65000009536743,2.65000009536743,0.0,0.0,0.0,2.65000009536743,0.0,0,0,225,716,2180,16/04/2016,11.933333333333334,0.0,0.0,3.75,225,3.75,3h 45m,Saturday,1,462,499,16/04/2016,7.7,8.316666666666666,0.6166666666666663,7h 42m,8h 19m,0h 37m
4445114986,2016-04-17,2268,1.51999998092651,1.51999998092651,0.0,0.0,0.0,1.51999998092651,0.0,0,0,114,1219,1933,17/04/2016,20.316666666666666,0.0,0.0,1.9,114,1.9,1h 54m,Sunday,1,98,107,17/04/2016,1.6333333333333333,1.7833333333333334,0.15000000000000013,1h 38m,1h 47m,0h 9m
4445114986,2016-04-19,2064,1.38999998569489,1.38999998569489,0.0,0.0,0.0,1.38999998569489,0.0,0,0,121,895,1954,19/04/2016,14.916666666666666,0.0,0.0,2.0166666666666666,121,2.0166666666666666,2h 1m,Tuesday,2,388,424,19/04/2016,6.466666666666667,7.066666666666666,0.5999999999999996,6h 28m,7h 4m,0h 36m
4445114986,2016-04-20,2072,1.38999998569489,1.38999998569489,0.0,0.0,0.0,1.38999998569489,0.0,0,0,137,841,1974,20/04/2016,14.016666666666667,0.0,0.0,2.283333333333333,137,2.283333333333333,2h 17m,Wednesday,1,439,462,20/04/2016,7.316666666666666,7.7,0.38333333333333375,7h 19m,7h 42m,0h 23m
4445114986,2016-04-21,3809,2.55999994277954,2.55999994277954,0.0,0.0,0.0,2.53999996185303,0.0,0,0,215,756,2150,21/04/2016,12.6,0.0,0.0,3.5833333333333335,215,3.5833333333333335,3h 35m,Thursday,1,436,469,21/04/2016,7.266666666666667,7.816666666666666,0.5499999999999998,7h 16m,7h 49m,0h 33m
4445114986,2016-04-22,6831,4.57999992370605,4.57999992370605,0.0,0.0,0.0,4.57999992370605,0.0,0,0,317,706,2432,22/04/2016,11.766666666666667,0.0,0.0,5.283333333333333,317,5.283333333333333,5h 17m,Friday,1,388,417,22/04/2016,6.466666666666667,6.95,0.4833333333333334,6h 28m,6h 57m,0h 29m
4445114986,2016-04-25,3385,2.26999998092651,2.26999998092651,0.0,0.0,0.0,2.26999998092651,0.0,0,0,179,916,2070,25/04/2016,15.266666666666667,0.0,0.0,2.9833333333333334,179,2.9833333333333334,2h 59m,Monday,1,328,345,25/04/2016,5.466666666666667,5.75,0.2833333333333332,5h 28m,5h 45m,0h 17m
4445114986,2016-04-26,6326,4.40999984741211,4.40999984741211,0.0,2.41000008583069,0.0399999991059303,1.96000003814697,0.0,29,1,180,839,2291,26/04/2016,13.983333333333333,0.48333333333333334,0.016666666666666666,3.0,210,3.5,3h 30m,Tuesday,2,353,391,26/04/2016,5.883333333333334,6.516666666666667,0.6333333333333329,5h 53m,6h 31m,0h 38m
4445114986,2016-04-27,7243,5.03000020980835,5.03000020980835,0.0,2.61999988555908,0.0299999993294477,2.38000011444092,0.0,32,1,194,839,2361,27/04/2016,13.983333333333333,0.5333333333333333,0.016666666666666666,3.2333333333333334,227,3.783333333333333,3h 47m,Wednesday,1,332,374,27/04/2016,5.533333333333333,6.233333333333333,0.7000000000000002,5h 32m,6h 14m,0h 42m
4445114986,2016-04-28,4493,3.00999999046326,3.00999999046326,0.0,0.0,0.0,3.00999999046326,0.0,0,0,236,762,2203,28/04/2016,12.7,0.0,0.0,3.933333333333333,236,3.933333333333333,3h 56m,Thursday,1,419,442,28/04/2016,6.983333333333333,7.366666666666666,0.38333333333333286,6h 59m,7h 22m,0h 23m
4445114986,2016-04-29,4676,3.14000010490417,3.14000010490417,0.0,0.0,0.0,3.13000011444092,0.0,0,0,226,1106,2196,29/04/2016,18.433333333333334,0.0,0.0,3.7666666666666666,226,3.7666666666666666,3h 46m,Friday,1,106,108,29/04/2016,1.7666666666666666,1.8,0.03333333333333344,1h 46m,1h 48m,0h 2m
4445114986,2016-04-30,6222,4.17999982833862,4.17999982833862,0.0,0.0,0.0,4.17999982833862,0.0,0,0,290,797,2363,30/04/2016,13.283333333333333,0.0,0.0,4.833333333333333,290,4.833333333333333,4h 50m,Saturday,1,322,353,30/04/2016,5.366666666666666,5.883333333333334,0.5166666666666675,5h 22m,5h 53m,0h 31m
4445114986,2016-05-01,5232,3.50999999046326,3.50999999046326,0.0,0.0,0.0,3.50999999046326,0.0,0,0,240,741,2246,01/05/2016,12.35,0.0,0.0,4.0,240,4.0,4h 0m,Sunday,2,439,459,01/05/2016,7.316666666666666,7.65,0.3333333333333339,7h 19m,7h 39m,0h 20m
4445114986,2016-05-02,6910,4.75,4.75,0.0,2.21000003814697,0.189999997615814,2.34999990463257,0.0,27,4,200,667,2336,02/05/2016,11.116666666666667,0.45,0.06666666666666667,3.3333333333333335,231,3.85,3h 51m,Monday,1,502,542,02/05/2016,8.366666666666667,9.033333333333333,0.6666666666666661,8h 22m,9h 2m,0h 40m
4445114986,2016-05-03,7502,5.17999982833862,5.17999982833862,0.0,2.48000001907349,0.109999999403954,2.57999992370605,0.0,30,2,233,725,2421,03/05/2016,12.083333333333334,0.5,0.03333333333333333,3.8833333333333333,265,4.416666666666667,4h 25m,Tuesday,2,417,450,03/05/2016,6.95,7.5,0.5499999999999998,6h 57m,7h 30m,0h 33m
4445114986,2016-05-04,2923,1.96000003814697,1.96000003814697,0.0,0.0,0.0,1.96000003814697,0.0,0,0,180,897,2070,04/05/2016,14.95,0.0,0.0,3.0,180,3.0,3h 0m,Wednesday,2,337,363,04/05/2016,5.616666666666666,6.05,0.43333333333333357,5h 37m,6h 3m,0h 26m
4445114986,2016-05-05,3800,2.54999995231628,2.54999995231628,0.0,0.119999997317791,0.239999994635582,2.1800000667572,0.0,2,6,185,734,2120,05/05/2016,12.233333333333333,0.03333333333333333,0.1,3.0833333333333335,193,3.216666666666667,3h 13m,Thursday,2,462,513,05/05/2016,7.7,8.55,0.8500000000000005,7h 42m,8h 33m,0h 51m
4445114986,2016-05-06,4514,3.02999997138977,3.02999997138977,0.0,0.0,0.0,3.02999997138977,0.0,0,0,229,809,2211,06/05/2016,13.483333333333333,0.0,0.0,3.816666666666667,229,3.816666666666667,3h 49m,Friday,2,374,402,06/05/2016,6.233333333333333,6.7,0.4666666666666668,6h 14m,6h 42m,0h 28m
4445114986,2016-05-07,5183,3.58999991416931,3.58999991416931,0.0,2.13000011444092,0.189999997615814,1.25,0.0,26,4,108,866,2123,07/05/2016,14.433333333333334,0.43333333333333335,0.06666666666666667,1.8,138,2.3,2h 18m,Saturday,2,401,436,07/05/2016,6.683333333333334,7.266666666666667,0.583333333333333,6h 41m,7h 16m,0h 35m
4445114986,2016-05-08,7303,4.90000009536743,4.90000009536743,0.0,0.0,0.25,4.65000009536743,0.0,0,8,308,733,2423,08/05/2016,12.216666666666667,0.0,0.13333333333333333,5.133333333333334,316,5.266666666666667,5h 16m,Sunday,1,361,391,08/05/2016,6.016666666666667,6.516666666666667,0.5,6h 1m,6h 31m,0h 30m
4445114986,2016-05-09,5275,3.53999996185303,3.53999996185303,0.0,0.0,0.0,3.53999996185303,0.0,0,0,266,641,2281,09/05/2016,10.683333333333334,0.0,0.0,4.433333333333334,266,4.433333333333334,4h 26m,Monday,1,457,533,09/05/2016,7.616666666666666,8.883333333333333,1.2666666666666666,7h 37m,8h 53m,1h 16m
4445114986,2016-05-10,3915,2.63000011444092,2.63000011444092,0.0,0.0,0.0,2.63000011444092,0.0,0,0,231,783,2181,10/05/2016,13.05,0.0,0.0,3.85,231,3.85,3h 51m,Tuesday,1,405,426,10/05/2016,6.75,7.1,0.34999999999999964,6h 45m,7h 6m,0h 21m
4445114986,2016-05-11,9105,6.1100001335144,6.1100001335144,0.0,2.25,1.0,2.85999989509583,0.0,34,22,232,622,2499,11/05/2016,10.366666666666667,0.5666666666666667,0.36666666666666664,3.8666666666666667,288,4.8,4h 48m,Wednesday,1,499,530,11/05/2016,8.316666666666666,8.833333333333334,0.5166666666666675,8h 19m,8h 50m,0h 31m
4445114986,2016-05-12,768,0.519999980926514,0.519999980926514,0.0,0.0,0.0,0.519999980926514,0.0,0,0,58,380,1212,12/05/2016,6.333333333333333,0.0,0.0,0.9666666666666667,58,0.9666666666666667,0h 58m,Thursday,1,483,501,12/05/2016,8.05,8.35,0.29999999999999893,8h 3m,8h 21m,0h 18m
4558609924,2016-04-21,13743,9.07999992370605,9.07999992370605,0.0,0.419999986886978,0.970000028610229,7.69999980926514,0.0,6,21,432,844,2486,21/04/2016,14.066666666666666,0.1,0.35,7.2,459,7.65,7h 39m,Thursday,1,126,137,21/04/2016,2.1,2.283333333333333,0.18333333333333313,2h 6m,2h 17m,0h 11m
4558609924,2016-04-26,9148,6.05000019073486,6.05000019073486,0.0,0.430000007152557,2.02999997138977,3.58999991416931,0.0,12,41,283,1062,2223,26/04/2016,17.7,0.2,0.6833333333333333,4.716666666666667,336,5.6,5h 36m,Tuesday,1,103,121,26/04/2016,1.7166666666666666,2.0166666666666666,0.30000000000000004,1h 43m,2h 1m,0h 18m
4558609924,2016-04-29,7833,5.17999982833862,5.17999982833862,0.0,1.01999998092651,1.85000002384186,2.30999994277954,0.0,15,29,197,1096,1918,29/04/2016,18.266666666666666,0.25,0.48333333333333334,3.283333333333333,241,4.016666666666667,4h 1m,Friday,1,171,179,29/04/2016,2.85,2.9833333333333334,0.1333333333333333,2h 51m,2h 59m,0h 8m
4558609924,2016-05-01,3428,2.26999998092651,2.26999998092651,0.0,0.0,0.0,2.26999998092651,0.0,0,0,190,1121,1692,01/05/2016,18.683333333333334,0.0,0.0,3.1666666666666665,190,3.1666666666666665,3h 10m,Sunday,1,115,129,01/05/2016,1.9166666666666667,2.15,0.23333333333333317,1h 55m,2h 9m,0h 14m
4558609924,2016-05-08,6543,4.32999992370605,4.32999992370605,0.0,1.79999995231628,0.5,2.01999998092651,0.0,66,35,238,1019,2666,08/05/2016,16.983333333333334,1.1,0.5833333333333334,3.966666666666667,339,5.65,5h 39m,Sunday,1,123,134,08/05/2016,2.05,2.2333333333333334,0.18333333333333357,2h 3m,2h 14m,0h 11m
4702921684,2016-04-12,7213,5.88000011444092,5.88000011444092,0.0,0.0,0.0,5.84999990463257,0.0,0,0,263,718,2947,12/04/2016,11.966666666666667,0.0,0.0,4.383333333333334,263,4.383333333333334,4h 23m,Tuesday,1,425,439,12/04/2016,7.083333333333333,7.316666666666666,0.2333333333333334,7h 5m,7h 19m,0h 14m
4702921684,2016-04-13,6877,5.57999992370605,5.57999992370605,0.0,0.0,0.0,5.57999992370605,0.0,0,0,258,777,2898,13/04/2016,12.95,0.0,0.0,4.3,258,4.3,4h 18m,Wednesday,2,400,430,13/04/2016,6.666666666666667,7.166666666666667,0.5,6h 40m,7h 10m,0h 30m
4702921684,2016-04-14,7860,6.36999988555908,6.36999988555908,0.0,0.0,0.0,6.36999988555908,0.0,0,0,271,772,2984,14/04/2016,12.866666666666667,0.0,0.0,4.516666666666667,271,4.516666666666667,4h 31m,Thursday,1,384,415,14/04/2016,6.4,6.916666666666667,0.5166666666666666,6h 24m,6h 55m,0h 31m
4702921684,2016-04-15,6506,5.28000020980835,5.28000020980835,0.0,0.0700000002980232,0.419999986886978,4.78999996185303,0.0,1,8,256,944,2896,15/04/2016,15.733333333333333,0.016666666666666666,0.13333333333333333,4.266666666666667,265,4.416666666666667,4h 25m,Friday,1,253,257,15/04/2016,4.216666666666667,4.283333333333333,0.06666666666666643,4h 13m,4h 17m,0h 4m
4702921684,2016-04-16,11140,9.02999973297119,9.02999973297119,0.0,0.239999994635582,1.25,7.53999996185303,0.0,3,24,335,556,3328,16/04/2016,9.266666666666667,0.05,0.4,5.583333333333333,362,6.033333333333333,6h 2m,Saturday,2,382,406,16/04/2016,6.366666666666666,6.766666666666667,0.40000000000000036,6h 22m,6h 46m,0h 24m
4702921684,2016-04-17,12692,10.289999961853,10.289999961853,0.0,0.959999978542328,3.46000003814697,5.88000011444092,0.0,12,66,302,437,3394,17/04/2016,7.283333333333333,0.2,1.1,5.033333333333333,380,6.333333333333333,6h 20m,Sunday,1,591,612,17/04/2016,9.85,10.2,0.34999999999999964,9h 51m,10h 12m,0h 21m
4702921684,2016-04-18,9105,7.38000011444092,7.38000011444092,0.0,1.82000005245209,1.49000000953674,4.07000017166138,0.0,22,30,191,890,3013,18/04/2016,14.833333333333334,0.36666666666666664,0.5,3.183333333333333,243,4.05,4h 3m,Monday,1,293,312,18/04/2016,4.883333333333334,5.2,0.31666666666666643,4h 53m,5h 12m,0h 19m
4702921684,2016-04-19,6708,5.44000005722046,5.44000005722046,0.0,0.879999995231628,0.370000004768372,4.19000005722046,0.0,10,8,179,757,2812,19/04/2016,12.616666666666667,0.16666666666666666,0.13333333333333333,2.9833333333333334,197,3.283333333333333,3h 17m,Tuesday,1,457,487,19/04/2016,7.616666666666666,8.116666666666667,0.5000000000000009,7h 37m,8h 7m,0h 30m
4702921684,2016-04-20,8793,7.13000011444092,7.13000011444092,0.0,0.159999996423721,1.23000001907349,5.73000001907349,0.0,2,29,260,717,3061,20/04/2016,11.95,0.03333333333333333,0.48333333333333334,4.333333333333333,291,4.85,4h 51m,Wednesday,1,454,468,20/04/2016,7.566666666666666,7.8,0.2333333333333334,7h 34m,7h 48m,0h 14m
4702921684,2016-04-21,6530,5.30000019073486,5.30000019073486,0.0,0.310000002384186,2.04999995231628,2.94000005722046,0.0,4,41,144,901,2729,21/04/2016,15.016666666666667,0.06666666666666667,0.6833333333333333,2.4,189,3.15,3h 9m,Thursday,1,425,434,21/04/2016,7.083333333333333,7.233333333333333,0.15000000000000036,7h 5m,7h 14m,0h 9m
4702921684,2016-04-23,15126,12.2700004577637,12.2700004577637,0.0,0.759999990463257,3.24000000953674,8.27000045776367,0.0,9,66,408,469,3691,23/04/2016,7.816666666666666,0.15,1.1,6.8,483,8.05,8h 3m,Saturday,1,465,475,23/04/2016,7.75,7.916666666666667,0.16666666666666696,7h 45m,7h 55m,0h 10m
4702921684,2016-04-24,15050,12.2200002670288,12.2200002670288,0.0,1.20000004768372,5.11999988555908,5.88000011444092,0.0,15,95,281,542,3538,24/04/2016,9.033333333333333,0.25,1.5833333333333333,4.683333333333334,391,6.516666666666667,6h 31m,Sunday,1,480,506,24/04/2016,8.0,8.433333333333334,0.43333333333333357,8h 0m,8h 26m,0h 26m
4702921684,2016-04-25,9167,7.42999982833862,7.42999982833862,0.0,0.490000009536743,0.819999992847443,6.1100001335144,0.0,6,15,270,730,3064,25/04/2016,12.166666666666666,0.1,0.25,4.5,291,4.85,4h 51m,Monday,1,370,380,25/04/2016,6.166666666666667,6.333333333333333,0.16666666666666607,6h 10m,6h 20m,0h 10m
4702921684,2016-04-26,6108,4.94999980926514,4.94999980926514,0.0,0.0700000002980232,0.349999994039536,4.53999996185303,0.0,1,8,216,765,2784,26/04/2016,12.75,0.016666666666666666,0.13333333333333333,3.6,225,3.75,3h 45m,Tuesday,1,421,429,26/04/2016,7.016666666666667,7.15,0.13333333333333375,7h 1m,7h 9m,0h 8m
4702921684,2016-04-27,7047,5.71999979019165,5.71999979019165,0.0,0.0900000035762787,0.800000011920929,4.78000020980835,0.0,1,16,238,733,2908,27/04/2016,12.216666666666667,0.016666666666666666,0.26666666666666666,3.966666666666667,255,4.25,4h 15m,Wednesday,1,432,449,27/04/2016,7.2,7.483333333333333,0.2833333333333332,7h 12m,7h 29m,0h 17m
4702921684,2016-04-28,9023,7.32000017166138,7.32000017166138,0.0,1.12999999523163,0.419999986886978,5.76999998092651,0.0,14,9,232,738,3033,28/04/2016,12.3,0.23333333333333334,0.15,3.8666666666666667,255,4.25,4h 15m,Thursday,1,442,461,28/04/2016,7.366666666666666,7.683333333333334,0.3166666666666673,7h 22m,7h 41m,0h 19m
4702921684,2016-04-29,9930,8.05000019073486,8.05000019073486,0.0,1.05999994277954,0.920000016689301,6.07000017166138,0.0,12,19,267,692,3165,29/04/2016,11.533333333333333,0.2,0.31666666666666665,4.45,298,4.966666666666667,4h 58m,Friday,1,433,447,29/04/2016,7.216666666666667,7.45,0.2333333333333334,7h 13m,7h 27m,0h 14m
4702921684,2016-04-30,10144,8.22999954223633,8.22999954223633,0.0,0.319999992847443,2.02999997138977,5.88000011444092,0.0,4,36,263,728,3115,30/04/2016,12.133333333333333,0.06666666666666667,0.6,4.383333333333334,303,5.05,5h 3m,Saturday,1,479,501,30/04/2016,7.983333333333333,8.35,0.36666666666666625,7h 59m,8h 21m,0h 22m
4702921684,2016-05-03,9454,7.67000007629395,7.67000007629395,0.0,0.0,0.0,7.67000007629395,0.0,0,0,313,729,3145,03/05/2016,12.15,0.0,0.0,5.216666666666667,313,5.216666666666667,5h 13m,Tuesday,1,327,373,03/05/2016,5.45,6.216666666666667,0.7666666666666666,5h 27m,6h 13m,0h 46m
4702921684,2016-05-04,8161,6.61999988555908,6.61999988555908,0.0,0.340000003576279,0.730000019073486,5.53999996185303,0.0,4,15,251,757,3004,04/05/2016,12.616666666666667,0.06666666666666667,0.25,4.183333333333334,270,4.5,4h 30m,Wednesday,1,412,434,04/05/2016,6.866666666666666,7.233333333333333,0.36666666666666714,6h 52m,7h 14m,0h 22m
4702921684,2016-05-05,8614,6.98999977111816,6.98999977111816,0.0,0.670000016689301,0.219999998807907,6.09000015258789,0.0,8,5,241,745,3006,05/05/2016,12.416666666666666,0.13333333333333333,0.08333333333333333,4.016666666666667,254,4.233333333333333,4h 14m,Thursday,1,414,428,05/05/2016,6.9,7.133333333333334,0.2333333333333334,6h 54m,7h 8m,0h 14m
4702921684,2016-05-06,6943,5.63000011444092,5.63000011444092,0.0,0.0799999982118607,0.660000026226044,4.86999988555908,0.0,1,16,207,682,2859,06/05/2016,11.366666666666667,0.016666666666666666,0.26666666666666666,3.45,224,3.7333333333333334,3h 44m,Friday,1,404,449,06/05/2016,6.733333333333333,7.483333333333333,0.75,6h 44m,7h 29m,0h 45m
4702921684,2016-05-07,14370,11.6499996185303,11.6499996185303,0.0,0.370000004768372,2.30999994277954,8.97000026702881,0.0,5,46,439,577,3683,07/05/2016,9.616666666666667,0.08333333333333333,0.7666666666666667,7.316666666666666,490,8.166666666666666,8h 10m,Saturday,1,520,543,07/05/2016,8.666666666666666,9.05,0.38333333333333464,8h 40m,9h 3m,0h 23m
4702921684,2016-05-09,8232,6.67999982833862,6.67999982833862,0.0,0.0,0.569999992847443,6.09999990463257,0.0,0,12,253,746,2990,09/05/2016,12.433333333333334,0.0,0.2,4.216666666666667,265,4.416666666666667,4h 25m,Monday,1,435,458,09/05/2016,7.25,7.633333333333334,0.38333333333333375,7h 15m,7h 38m,0h 23m
4702921684,2016-05-10,10613,8.60999965667725,8.60999965667725,0.0,0.0799999982118607,1.87999999523163,6.65000009536743,0.0,1,37,262,701,3172,10/05/2016,11.683333333333334,0.016666666666666666,0.6166666666666667,4.366666666666666,300,5.0,5h 0m,Tuesday,1,416,431,10/05/2016,6.933333333333334,7.183333333333334,0.25,6h 56m,7h 11m,0h 15m
4702921684,2016-05-11,9810,7.96000003814697,7.96000003814697,0.0,0.779999971389771,2.16000008583069,4.98000001907349,0.0,10,41,235,784,3069,11/05/2016,13.066666666666666,0.16666666666666666,0.6833333333333333,3.9166666666666665,286,4.766666666666667,4h 46m,Wednesday,1,354,366,11/05/2016,5.9,6.1,0.1999999999999993,5h 54m,6h 6m,0h 12m
4702921684,2016-05-12,2752,2.23000001907349,2.23000001907349,0.0,0.0,0.0,2.23000001907349,0.0,0,0,68,241,1240,12/05/2016,4.016666666666667,0.0,0.0,1.1333333333333333,68,1.1333333333333333,1h 8m,Thursday,1,404,442,12/05/2016,6.733333333333333,7.366666666666666,0.6333333333333329,6h 44m,7h 22m,0h 38m
5553957443,2016-04-12,11596,7.57000017166138,7.57000017166138,0.0,1.37000000476837,0.790000021457672,5.40999984741211,0.0,19,13,277,767,2026,12/04/2016,12.783333333333333,0.31666666666666665,0.21666666666666667,4.616666666666666,309,5.15,5h 9m,Tuesday,1,441,464,12/04/2016,7.35,7.733333333333333,0.38333333333333375,7h 21m,7h 44m,0h 23m
5553957443,2016-04-13,4832,3.16000008583069,3.16000008583069,0.0,0.0,0.0,3.16000008583069,0.0,0,0,226,647,1718,13/04/2016,10.783333333333333,0.0,0.0,3.7666666666666666,226,3.7666666666666666,3h 46m,Wednesday,2,455,488,13/04/2016,7.583333333333333,8.133333333333333,0.5499999999999998,7h 35m,8h 8m,0h 33m
5553957443,2016-04-14,17022,11.1199998855591,11.1199998855591,0.0,4.0,2.45000004768372,4.67000007629395,0.0,61,41,256,693,2324,14/04/2016,11.55,1.0166666666666666,0.6833333333333333,4.266666666666667,358,5.966666666666667,5h 58m,Thursday,1,357,418,14/04/2016,5.95,6.966666666666667,1.0166666666666666,5h 57m,6h 58m,1h 1m
5553957443,2016-04-15,16556,10.8599996566772,10.8599996566772,0.0,4.15999984741211,1.98000001907349,4.71000003814697,0.0,58,38,239,689,2254,15/04/2016,11.483333333333333,0.9666666666666667,0.6333333333333333,3.9833333333333334,335,5.583333333333333,5h 35m,Friday,1,377,409,15/04/2016,6.283333333333333,6.816666666666666,0.5333333333333332,6h 17m,6h 49m,0h 32m
5553957443,2016-04-16,5771,3.76999998092651,3.76999998092651,0.0,0.0,0.0,3.76999998092651,0.0,0,0,288,521,1831,16/04/2016,8.683333333333334,0.0,0.0,4.8,288,4.8,4h 48m,Saturday,2,651,686,16/04/2016,10.85,11.433333333333334,0.5833333333333339,10h 51m,11h 26m,0h 35m
5553957443,2016-04-17,655,0.430000007152557,0.430000007152557,0.0,0.0,0.0,0.430000007152557,0.0,0,0,46,943,1397,17/04/2016,15.716666666666667,0.0,0.0,0.7666666666666667,46,0.7666666666666667,0h 46m,Sunday,1,350,402,17/04/2016,5.833333333333333,6.7,0.8666666666666671,5h 50m,6h 42m,0h 52m
5553957443,2016-04-18,3727,2.4300000667572,2.4300000667572,0.0,0.0,0.0,2.4300000667572,0.0,0,0,206,622,1683,18/04/2016,10.366666666666667,0.0,0.0,3.433333333333333,206,3.433333333333333,3h 26m,Monday,2,520,541,18/04/2016,8.666666666666666,9.016666666666667,0.3500000000000014,8h 40m,9h 1m,0h 21m
5553957443,2016-04-19,15482,10.1099996566772,10.1099996566772,0.0,4.28000020980835,1.6599999666214,4.17999982833862,0.0,69,28,249,756,2284,19/04/2016,12.6,1.15,0.4666666666666667,4.15,346,5.766666666666667,5h 46m,Tuesday,1,357,410,19/04/2016,5.95,6.833333333333333,0.8833333333333329,5h 57m,6h 50m,0h 53m
5553957443,2016-04-20,2713,1.76999998092651,1.76999998092651,0.0,0.0,0.0,1.76999998092651,0.0,0,0,148,598,1570,20/04/2016,9.966666666666667,0.0,0.0,2.466666666666667,148,2.466666666666667,2h 28m,Wednesday,1,658,678,20/04/2016,10.966666666666667,11.3,0.3333333333333339,10h 58m,11h 18m,0h 20m
5553957443,2016-04-21,12346,8.0600004196167,8.0600004196167,0.0,2.95000004768372,2.16000008583069,2.96000003814697,0.0,47,42,177,801,2066,21/04/2016,13.35,0.7833333333333333,0.7,2.95,266,4.433333333333334,4h 26m,Thursday,1,399,431,21/04/2016,6.65,7.183333333333334,0.5333333333333332,6h 39m,7h 11m,0h 32m
5553957443,2016-04-22,11682,7.63000011444092,7.63000011444092,0.0,1.37999999523163,0.629999995231628,5.59999990463257,0.0,25,16,270,781,2105,22/04/2016,13.016666666666667,0.4166666666666667,0.26666666666666666,4.5,311,5.183333333333334,5h 11m,Friday,1,322,353,22/04/2016,5.366666666666666,5.883333333333334,0.5166666666666675,5h 22m,5h 53m,0h 31m
5553957443,2016-04-23,4112,2.69000005722046,2.69000005722046,0.0,0.0,0.0,2.6800000667572,0.0,0,0,272,443,1776,23/04/2016,7.383333333333334,0.0,0.0,4.533333333333333,272,4.533333333333333,4h 32m,Saturday,2,631,725,23/04/2016,10.516666666666667,12.083333333333334,1.5666666666666664,10h 31m,12h 5m,1h 34m
5553957443,2016-04-24,1807,1.17999994754791,1.17999994754791,0.0,0.0,0.0,1.17999994754791,0.0,0,0,104,582,1507,24/04/2016,9.7,0.0,0.0,1.7333333333333334,104,1.7333333333333334,1h 44m,Sunday,2,553,640,24/04/2016,9.216666666666667,10.666666666666666,1.4499999999999993,9h 13m,10h 40m,1h 27m
5553957443,2016-04-25,10946,7.19000005722046,7.19000005722046,0.0,2.9300000667572,0.569999992847443,3.69000005722046,0.0,51,11,201,732,2033,25/04/2016,12.2,0.85,0.18333333333333332,3.35,263,4.383333333333334,4h 23m,Monday,1,433,468,25/04/2016,7.216666666666667,7.8,0.583333333333333,7h 13m,7h 48m,0h 35m
5553957443,2016-04-26,11886,7.76000022888184,7.76000022888184,0.0,2.36999988555908,0.930000007152557,4.46000003814697,0.0,40,18,238,750,2093,26/04/2016,12.5,0.6666666666666666,0.3,3.966666666666667,296,4.933333333333334,4h 56m,Tuesday,1,412,453,26/04/2016,6.866666666666666,7.55,0.6833333333333336,6h 52m,7h 33m,0h 41m
5553957443,2016-04-27,10538,6.88000011444092,6.88000011444092,0.0,1.13999998569489,1.0,4.73999977111816,0.0,16,16,206,745,1922,27/04/2016,12.416666666666666,0.26666666666666666,0.26666666666666666,3.433333333333333,238,3.966666666666667,3h 58m,Wednesday,1,347,391,27/04/2016,5.783333333333333,6.516666666666667,0.7333333333333334,5h 47m,6h 31m,0h 44m
5553957443,2016-04-28,11393,7.63000011444092,7.63000011444092,0.0,3.71000003814697,0.75,3.17000007629395,0.0,49,13,165,727,1999,28/04/2016,12.116666666666667,0.8166666666666667,0.21666666666666667,2.75,227,3.783333333333333,3h 47m,Thursday,1,421,457,28/04/2016,7.016666666666667,7.616666666666666,0.5999999999999996,7h 1m,7h 37m,0h 36m
5553957443,2016-04-29,12764,8.32999992370605,8.32999992370605,0.0,2.78999996185303,0.639999985694885,4.90999984741211,0.0,46,15,270,709,2169,29/04/2016,11.816666666666666,0.7666666666666667,0.25,4.5,331,5.516666666666667,5h 31m,Friday,1,450,495,29/04/2016,7.5,8.25,0.75,7h 30m,8h 15m,0h 45m
5553957443,2016-04-30,1202,0.779999971389771,0.779999971389771,0.0,0.0,0.0,0.779999971389771,0.0,0,0,84,506,1463,30/04/2016,8.433333333333334,0.0,0.0,1.4,84,1.4,1h 24m,Saturday,2,775,843,30/04/2016,12.916666666666666,14.05,1.1333333333333346,12h 55m,14h 3m,1h 8m
5553957443,2016-05-01,5164,3.36999988555908,3.36999988555908,0.0,0.0,0.0,3.36999988555908,0.0,0,0,237,436,1747,01/05/2016,7.266666666666667,0.0,0.0,3.95,237,3.95,3h 57m,Sunday,2,622,686,01/05/2016,10.366666666666667,11.433333333333334,1.0666666666666664,10h 22m,11h 26m,1h 4m
5553957443,2016-05-02,9769,6.38000011444092,6.38000011444092,0.0,1.05999994277954,0.409999996423721,4.90000009536743,0.0,23,9,227,724,1996,02/05/2016,12.066666666666666,0.38333333333333336,0.15,3.783333333333333,259,4.316666666666666,4h 19m,Monday,1,409,471,02/05/2016,6.816666666666666,7.85,1.0333333333333332,6h 49m,7h 51m,1h 2m
5553957443,2016-05-03,12848,8.39000034332275,8.39000034332275,0.0,1.5,1.20000004768372,5.67999982833862,0.0,26,29,247,812,2116,03/05/2016,13.533333333333333,0.43333333333333335,0.48333333333333334,4.116666666666666,302,5.033333333333333,5h 2m,Tuesday,1,380,429,03/05/2016,6.333333333333333,7.15,0.8166666666666673,6h 20m,7h 9m,0h 49m
5553957443,2016-05-04,4249,2.76999998092651,2.76999998092651,0.0,0.0,0.0,2.76999998092651,0.0,0,0,224,651,1698,04/05/2016,10.85,0.0,0.0,3.7333333333333334,224,3.7333333333333334,3h 44m,Wednesday,1,447,470,04/05/2016,7.45,7.833333333333333,0.38333333333333286,7h 27m,7h 50m,0h 23m
5553957443,2016-05-05,14331,9.51000022888184,9.51000022888184,0.0,3.4300000667572,1.6599999666214,4.42999982833862,0.0,44,29,241,692,2156,05/05/2016,11.533333333333333,0.7333333333333333,0.48333333333333334,4.016666666666667,314,5.233333333333333,5h 14m,Thursday,1,419,464,05/05/2016,6.983333333333333,7.733333333333333,0.75,6h 59m,7h 44m,0h 45m
5553957443,2016-05-06,9632,6.28999996185303,6.28999996185303,0.0,1.51999998092651,0.540000021457672,4.23000001907349,0.0,21,9,229,761,1916,06/05/2016,12.683333333333334,0.35,0.15,3.816666666666667,259,4.316666666666666,4h 19m,Friday,1,400,434,06/05/2016,6.666666666666667,7.233333333333333,0.5666666666666664,6h 40m,7h 14m,0h 34m
5553957443,2016-05-07,1868,1.22000002861023,1.22000002861023,0.0,0.0,0.0,1.22000002861023,0.0,0,0,96,902,1494,07/05/2016,15.033333333333333,0.0,0.0,1.6,96,1.6,1h 36m,Saturday,1,442,470,07/05/2016,7.366666666666666,7.833333333333333,0.4666666666666668,7h 22m,7h 50m,0h 28m
5553957443,2016-05-08,6083,4.0,4.0,0.0,0.219999998807907,0.469999998807907,3.29999995231628,0.0,3,8,210,505,1762,08/05/2016,8.416666666666666,0.05,0.13333333333333333,3.5,221,3.683333333333333,3h 41m,Sunday,1,568,608,08/05/2016,9.466666666666667,10.133333333333333,0.6666666666666661,9h 28m,10h 8m,0h 40m
5553957443,2016-05-09,11611,7.57999992370605,7.57999992370605,0.0,2.13000011444092,0.889999985694885,4.55999994277954,0.0,59,22,251,667,2272,09/05/2016,11.116666666666667,0.9833333333333333,0.36666666666666664,4.183333333333334,332,5.533333333333333,5h 32m,Monday,1,453,494,09/05/2016,7.55,8.233333333333333,0.6833333333333327,7h 33m,8h 14m,0h 41m
5553957443,2016-05-10,16358,10.710000038147,10.710000038147,0.0,3.86999988555908,1.61000001430511,5.19999980926514,0.0,61,40,265,707,2335,10/05/2016,11.783333333333333,1.0166666666666666,0.6666666666666666,4.416666666666667,366,6.1,6h 6m,Tuesday,1,418,443,10/05/2016,6.966666666666667,7.383333333333334,0.41666666666666696,6h 58m,7h 23m,0h 25m
5553957443,2016-05-11,4926,3.22000002861023,3.22000002861023,0.0,0.0,0.0,3.22000002861023,0.0,0,0,195,628,1693,11/05/2016,10.466666666666667,0.0,0.0,3.25,195,3.25,3h 15m,Wednesday,1,463,486,11/05/2016,7.716666666666667,8.1,0.38333333333333286,7h 43m,8h 6m,0h 23m
5553957443,2016-05-12,3121,2.03999996185303,2.03999996185303,0.0,0.579999983310699,0.400000005960464,1.05999994277954,0.0,8,6,48,222,741,12/05/2016,3.7,0.13333333333333333,0.1,0.8,62,1.0333333333333334,1h 2m,Thursday,1,438,475,12/05/2016,7.3,7.916666666666667,0.6166666666666671,7h 18m,7h 55m,0h 37m
5577150313,2016-04-12,8135,6.07999992370605,6.07999992370605,0.0,3.59999990463257,0.379999995231628,2.09999990463257,0.0,86,16,140,728,3405,12/04/2016,12.133333333333333,1.4333333333333333,0.26666666666666666,2.3333333333333335,242,4.033333333333333,4h 2m,Tuesday,1,419,438,12/04/2016,6.983333333333333,7.3,0.31666666666666643,6h 59m,7h 18m,0h 19m
5577150313,2016-04-13,5077,3.78999996185303,3.78999996185303,0.0,0.319999992847443,0.219999998807907,3.25,0.0,15,11,144,776,2551,13/04/2016,12.933333333333334,0.25,0.18333333333333332,2.4,170,2.8333333333333335,2h 50m,Wednesday,1,432,458,13/04/2016,7.2,7.633333333333334,0.43333333333333357,7h 12m,7h 38m,0h 26m
5577150313,2016-04-14,8596,6.42000007629395,6.42000007629395,0.0,3.32999992370605,0.310000002384186,2.77999997138977,0.0,118,30,176,662,4022,14/04/2016,11.033333333333333,1.9666666666666666,0.5,2.933333333333333,324,5.4,5h 24m,Thursday,1,477,497,14/04/2016,7.95,8.283333333333333,0.33333333333333304,7h 57m,8h 17m,0h 20m
5577150313,2016-04-15,12087,9.07999992370605,9.07999992370605,0.0,3.92000007629395,1.60000002384186,3.55999994277954,0.0,115,54,199,695,4005,15/04/2016,11.583333333333334,1.9166666666666667,0.9,3.316666666666667,368,6.133333333333334,6h 8m,Friday,1,392,413,15/04/2016,6.533333333333333,6.883333333333334,0.35000000000000053,6h 32m,6h 53m,0h 21m
5577150313,2016-04-16,14269,10.6599998474121,10.6599998474121,0.0,6.6399998664856,1.27999997138977,2.73000001907349,0.0,184,56,158,472,4274,16/04/2016,7.866666666666666,3.066666666666667,0.9333333333333333,2.6333333333333333,398,6.633333333333334,6h 38m,Saturday,1,406,445,16/04/2016,6.766666666666667,7.416666666666667,0.6500000000000004,6h 46m,7h 25m,0h 39m
5577150313,2016-04-17,12231,9.14000034332275,9.14000034332275,0.0,5.98000001907349,0.829999983310699,2.3199999332428,0.0,200,37,159,525,4552,17/04/2016,8.75,3.3333333333333335,0.6166666666666667,2.65,396,6.6,6h 36m,Sunday,1,549,583,17/04/2016,9.15,9.716666666666667,0.5666666666666664,9h 9m,9h 43m,0h 34m
5577150313,2016-04-18,9893,7.3899998664856,7.3899998664856,0.0,4.8600001335144,0.720000028610229,1.82000005245209,0.0,114,32,130,623,3625,18/04/2016,10.383333333333333,1.9,0.5333333333333333,2.1666666666666665,276,4.6,4h 36m,Monday,1,527,553,18/04/2016,8.783333333333333,9.216666666666667,0.43333333333333357,8h 47m,9h 13m,0h 26m
5577150313,2016-04-19,12574,9.42000007629395,9.42000007629395,0.0,7.01999998092651,0.639999985694885,1.75999999046326,0.0,108,23,111,733,3501,19/04/2016,12.216666666666667,1.8,0.38333333333333336,1.85,242,4.033333333333333,4h 2m,Tuesday,1,449,465,19/04/2016,7.483333333333333,7.75,0.2666666666666666,7h 29m,7h 45m,0h 16m
5577150313,2016-04-20,8330,6.21999979019165,6.21999979019165,0.0,4.11999988555908,0.340000003576279,1.75999999046326,0.0,87,16,113,773,3192,20/04/2016,12.883333333333333,1.45,0.26666666666666666,1.8833333333333333,216,3.6,3h 36m,Wednesday,1,447,480,20/04/2016,7.45,8.0,0.5499999999999998,7h 27m,8h 0m,0h 33m
5577150313,2016-04-21,10830,8.09000015258789,8.09000015258789,0.0,3.65000009536743,1.6599999666214,2.77999997138977,0.0,110,74,175,670,4018,21/04/2016,11.166666666666666,1.8333333333333333,1.2333333333333334,2.9166666666666665,359,5.983333333333333,5h 59m,Thursday,1,414,437,21/04/2016,6.9,7.283333333333333,0.38333333333333286,6h 54m,7h 17m,0h 23m
5577150313,2016-04-22,9172,6.84999990463257,6.84999990463257,0.0,2.42000007629395,0.790000021457672,3.29999995231628,0.0,62,30,200,823,3329,22/04/2016,13.716666666666667,1.0333333333333334,0.5,3.3333333333333335,292,4.866666666666666,4h 52m,Friday,1,338,366,22/04/2016,5.633333333333334,6.1,0.4666666666666659,5h 38m,6h 6m,0h 28m
5577150313,2016-04-23,7638,5.71000003814697,5.71000003814697,0.0,1.21000003814697,0.360000014305115,4.1399998664856,0.0,24,24,223,627,3152,23/04/2016,10.45,0.4,0.4,3.716666666666667,271,4.516666666666667,4h 31m,Saturday,1,384,402,23/04/2016,6.4,6.7,0.2999999999999998,6h 24m,6h 42m,0h 18m
5577150313,2016-04-24,15764,11.7799997329712,11.7799997329712,0.0,7.65000009536743,2.15000009536743,1.98000001907349,0.0,210,65,141,425,4392,24/04/2016,7.083333333333333,3.5,1.0833333333333333,2.35,416,6.933333333333334,6h 56m,Sunday,1,543,615,24/04/2016,9.05,10.25,1.1999999999999993,9h 3m,10h 15m,1h 12m
5577150313,2016-04-25,6393,4.78000020980835,4.78000020980835,0.0,1.35000002384186,0.670000016689301,2.75999999046326,0.0,61,38,214,743,3374,25/04/2016,12.383333333333333,1.0166666666666666,0.6333333333333333,3.566666666666667,313,5.216666666666667,5h 13m,Monday,1,421,461,25/04/2016,7.016666666666667,7.683333333333334,0.666666666666667,7h 1m,7h 41m,0h 40m
5577150313,2016-04-26,5325,3.98000001907349,3.98000001907349,0.0,0.850000023841858,0.649999976158142,2.47000002861023,0.0,38,32,181,759,3088,26/04/2016,12.65,0.6333333333333333,0.5333333333333333,3.0166666666666666,251,4.183333333333334,4h 11m,Tuesday,1,354,377,26/04/2016,5.9,6.283333333333333,0.38333333333333286,5h 54m,6h 17m,0h 23m
5577150313,2016-04-27,6805,5.1399998664856,5.1399998664856,0.0,1.80999994277954,0.400000005960464,2.9300000667572,0.0,63,16,190,773,3294,27/04/2016,12.883333333333333,1.05,0.26666666666666666,3.1666666666666665,269,4.483333333333333,4h 29m,Wednesday,1,424,452,27/04/2016,7.066666666666666,7.533333333333333,0.4666666666666668,7h 4m,7h 32m,0h 28m
5577150313,2016-04-28,9841,7.42999982833862,7.42999982833862,0.0,3.25,1.16999995708466,3.00999999046326,0.0,99,51,141,692,3580,28/04/2016,11.533333333333333,1.65,0.85,2.35,291,4.85,4h 51m,Thursday,1,361,372,28/04/2016,6.016666666666667,6.2,0.18333333333333357,6h 1m,6h 12m,0h 11m
5577150313,2016-04-29,7924,5.92000007629395,5.92000007629395,0.0,2.83999991416931,0.610000014305115,2.47000002861023,0.0,97,36,165,739,3544,29/04/2016,12.316666666666666,1.6166666666666667,0.6,2.75,298,4.966666666666667,4h 58m,Friday,1,459,485,29/04/2016,7.65,8.083333333333334,0.43333333333333357,7h 39m,8h 5m,0h 26m
5577150313,2016-04-30,12363,9.23999977111816,9.23999977111816,0.0,5.82999992370605,0.790000021457672,2.60999989509583,0.0,207,45,163,621,4501,30/04/2016,10.35,3.45,0.75,2.716666666666667,415,6.916666666666667,6h 55m,Saturday,1,412,433,30/04/2016,6.866666666666666,7.216666666666667,0.35000000000000053,6h 52m,7h 13m,0h 21m
5577150313,2016-05-01,13368,9.98999977111816,9.98999977111816,0.0,5.30999994277954,1.44000005722046,3.24000000953674,0.0,194,72,178,499,4546,01/05/2016,8.316666666666666,3.2333333333333334,1.2,2.966666666666667,444,7.4,7h 24m,Sunday,1,379,398,01/05/2016,6.316666666666666,6.633333333333334,0.3166666666666673,6h 19m,6h 38m,0h 19m
5577150313,2016-05-02,7439,5.55999994277954,5.55999994277954,0.0,1.12000000476837,0.349999994039536,4.07000017166138,0.0,37,20,235,732,3014,02/05/2016,12.2,0.6166666666666667,0.3333333333333333,3.9166666666666665,292,4.866666666666666,4h 52m,Monday,2,525,553,02/05/2016,8.75,9.216666666666667,0.4666666666666668,8h 45m,9h 13m,0h 28m
5577150313,2016-05-03,11045,8.25,8.25,0.0,4.51999998092651,0.150000005960464,3.5699999332428,0.0,97,8,212,580,3795,03/05/2016,9.666666666666666,1.6166666666666667,0.13333333333333333,3.533333333333333,317,5.283333333333333,5h 17m,Tuesday,1,508,543,03/05/2016,8.466666666666667,9.05,0.5833333333333339,8h 28m,9h 3m,0h 35m
5577150313,2016-05-04,5206,3.89000010490417,3.89000010490417,0.0,1.55999994277954,0.25,2.07999992370605,0.0,25,9,141,631,2755,04/05/2016,10.516666666666667,0.4166666666666667,0.15,2.35,175,2.9166666666666665,2h 55m,Wednesday,1,603,634,04/05/2016,10.05,10.566666666666666,0.5166666666666657,10h 3m,10h 34m,0h 31m
5577150313,2016-05-05,7550,5.6399998664856,5.6399998664856,0.0,2.5,0.469999998807907,2.67000007629395,0.0,45,21,143,1153,3004,05/05/2016,19.216666666666665,0.75,0.35,2.3833333333333333,209,3.4833333333333334,3h 29m,Thursday,1,74,78,05/05/2016,1.2333333333333334,1.3,0.06666666666666665,1h 14m,1h 18m,0h 4m
5577150313,2016-05-10,8869,6.65000009536743,6.65000009536743,0.0,2.55999994277954,0.75,3.34999990463257,0.0,104,37,194,639,3841,10/05/2016,10.65,1.7333333333333334,0.6166666666666667,3.2333333333333334,335,5.583333333333333,5h 35m,Tuesday,1,504,562,10/05/2016,8.4,9.366666666666667,0.9666666666666668,8h 24m,9h 22m,0h 58m
5577150313,2016-05-11,4038,3.03999996185303,3.03999996185303,0.0,1.83000004291534,0.300000011920929,0.889999985694885,0.0,45,15,63,257,1665,11/05/2016,4.283333333333333,0.75,0.25,1.05,123,2.05,2h 3m,Wednesday,1,431,476,11/05/2016,7.183333333333334,7.933333333333334,0.75,7h 11m,7h 56m,0h 45m
6117666160,2016-04-16,14450,10.9099998474121,10.9099998474121,0.0,0.579999983310699,0.850000023841858,9.47999954223633,0.0,7,15,518,502,2828,16/04/2016,8.366666666666667,0.11666666666666667,0.25,8.633333333333333,540,9.0,9h 0m,Saturday,1,380,398,16/04/2016,6.333333333333333,6.633333333333334,0.3000000000000007,6h 20m,6h 38m,0h 18m
6117666160,2016-04-17,7150,5.40000009536743,5.40000009536743,0.0,0.0,0.0,5.40000009536743,0.0,0,0,312,702,2225,17/04/2016,11.7,0.0,0.0,5.2,312,5.2,5h 12m,Sunday,2,336,350,17/04/2016,5.6,5.833333333333333,0.2333333333333334,5h 36m,5h 50m,0h 14m
6117666160,2016-04-18,5153,3.91000008583069,3.91000008583069,0.0,0.0,0.0,3.89000010490417,0.0,0,0,241,759,2018,18/04/2016,12.65,0.0,0.0,4.016666666666667,241,4.016666666666667,4h 1m,Monday,2,493,510,18/04/2016,8.216666666666667,8.5,0.2833333333333332,8h 13m,8h 30m,0h 17m
6117666160,2016-04-19,11135,8.40999984741211,8.40999984741211,0.0,0.0,0.0,8.40999984741211,0.0,0,0,480,425,2606,19/04/2016,7.083333333333333,0.0,0.0,8.0,480,8.0,8h 0m,Tuesday,1,465,492,19/04/2016,7.75,8.2,0.4499999999999993,7h 45m,8h 12m,0h 27m
6117666160,2016-04-20,10449,8.02000045776367,8.02000045776367,0.0,2.02999997138977,0.479999989271164,5.51999998092651,0.0,26,10,349,587,2536,20/04/2016,9.783333333333333,0.43333333333333335,0.16666666666666666,5.816666666666666,385,6.416666666666667,6h 25m,Wednesday,1,474,502,20/04/2016,7.9,8.366666666666667,0.4666666666666668,7h 54m,8h 22m,0h 28m
6117666160,2016-04-21,19542,15.0100002288818,15.0100002288818,0.0,0.980000019073486,0.400000005960464,5.61999988555908,0.0,11,19,294,579,4900,21/04/2016,9.65,0.18333333333333332,0.31666666666666665,4.9,324,5.4,5h 24m,Thursday,1,508,550,21/04/2016,8.466666666666667,9.166666666666666,0.6999999999999993,8h 28m,9h 10m,0h 42m
6117666160,2016-04-22,8206,6.19999980926514,6.19999980926514,0.0,0.0,0.0,6.19999980926514,0.0,0,0,402,413,2409,22/04/2016,6.883333333333334,0.0,0.0,6.7,402,6.7,6h 42m,Friday,1,480,546,22/04/2016,8.0,9.1,1.0999999999999996,8h 0m,9h 6m,1h 6m
6117666160,2016-04-23,11495,8.68000030517578,8.68000030517578,0.0,0.0,0.0,8.68000030517578,0.0,0,0,512,468,2651,23/04/2016,7.8,0.0,0.0,8.533333333333333,512,8.533333333333333,8h 32m,Saturday,1,492,539,23/04/2016,8.2,8.983333333333333,0.7833333333333332,8h 12m,8h 59m,0h 47m
6117666160,2016-04-24,7623,5.76000022888184,5.76000022888184,0.0,0.0,0.0,5.76000022888184,0.0,0,0,362,711,2305,24/04/2016,11.85,0.0,0.0,6.033333333333333,362,6.033333333333333,6h 2m,Sunday,1,353,367,24/04/2016,5.883333333333334,6.116666666666666,0.2333333333333325,5h 53m,6h 7m,0h 14m
6117666160,2016-04-27,9411,7.1100001335144,7.1100001335144,0.0,0.0,0.0,7.1100001335144,0.0,0,0,458,417,2576,27/04/2016,6.95,0.0,0.0,7.633333333333334,458,7.633333333333334,7h 38m,Wednesday,1,542,557,27/04/2016,9.033333333333333,9.283333333333333,0.25,9h 2m,9h 17m,0h 15m
6117666160,2016-04-28,3403,2.59999990463257,2.59999990463257,0.0,0.0,0.0,2.59999990463257,0.0,0,0,141,758,1879,28/04/2016,12.633333333333333,0.0,0.0,2.35,141,2.35,2h 21m,Thursday,1,393,416,28/04/2016,6.55,6.933333333333334,0.38333333333333375,6h 33m,6h 56m,0h 23m
6117666160,2016-04-29,9592,7.23999977111816,7.23999977111816,0.0,0.0,0.0,7.23999977111816,0.0,0,0,461,479,2560,29/04/2016,7.983333333333333,0.0,0.0,7.683333333333334,461,7.683333333333334,7h 41m,Friday,1,600,636,29/04/2016,10.0,10.6,0.5999999999999996,10h 0m,10h 36m,0h 36m
6117666160,2016-05-01,8915,6.73000001907349,6.73000001907349,0.0,0.0,0.0,6.73000001907349,0.0,0,0,397,525,2361,01/05/2016,8.75,0.0,0.0,6.616666666666666,397,6.616666666666666,6h 37m,Sunday,1,507,575,01/05/2016,8.45,9.583333333333334,1.1333333333333346,8h 27m,9h 35m,1h 8m
6117666160,2016-05-05,9799,7.40000009536743,7.40000009536743,0.0,0.0,0.0,7.40000009536743,0.0,0,0,487,479,2636,05/05/2016,7.983333333333333,0.0,0.0,8.116666666666667,487,8.116666666666667,8h 7m,Thursday,1,392,415,05/05/2016,6.533333333333333,6.916666666666667,0.38333333333333375,6h 32m,6h 55m,0h 23m
6117666160,2016-05-06,3365,2.6800000667572,2.6800000667572,0.0,0.0,0.0,2.6800000667572,0.0,0,0,133,673,1838,06/05/2016,11.216666666666667,0.0,0.0,2.216666666666667,133,2.216666666666667,2h 13m,Friday,2,658,698,06/05/2016,10.966666666666667,11.633333333333333,0.6666666666666661,10h 58m,11h 38m,0h 40m
6117666160,2016-05-07,7336,5.53999996185303,5.53999996185303,0.0,0.0,0.0,5.53999996185303,0.0,0,0,412,456,2469,07/05/2016,7.6,0.0,0.0,6.866666666666666,412,6.866666666666666,6h 52m,Saturday,2,498,507,07/05/2016,8.3,8.45,0.14999999999999858,8h 18m,8h 27m,0h 9m
6117666160,2016-05-08,7328,5.53000020980835,5.53000020980835,0.0,0.0,0.0,5.53000020980835,0.0,0,0,318,517,2250,08/05/2016,8.616666666666667,0.0,0.0,5.3,318,5.3,5h 18m,Sunday,1,555,603,08/05/2016,9.25,10.05,0.8000000000000007,9h 15m,10h 3m,0h 48m
6117666160,2016-05-09,4477,3.38000011444092,3.38000011444092,0.0,0.0,0.0,3.38000011444092,0.0,0,0,197,125,1248,09/05/2016,2.0833333333333335,0.0,0.0,3.283333333333333,197,3.283333333333333,3h 17m,Monday,1,492,522,09/05/2016,8.2,8.7,0.5,8h 12m,8h 42m,0h 30m
6775888955,2016-04-13,4053,2.91000008583069,2.91000008583069,0.0,1.11000001430511,0.579999983310699,1.22000002861023,0.0,17,18,85,1053,2400,13/04/2016,17.55,0.2833333333333333,0.3,1.4166666666666667,120,2.0,2h 0m,Wednesday,1,235,260,13/04/2016,3.9166666666666665,4.333333333333333,0.4166666666666665,3h 55m,4h 20m,0h 25m
6775888955,2016-04-14,5162,3.70000004768372,3.70000004768372,0.0,0.870000004768372,0.860000014305115,1.97000002861023,0.0,14,24,105,863,2507,14/04/2016,14.383333333333333,0.23333333333333334,0.4,1.75,143,2.3833333333333333,2h 23m,Thursday,1,423,441,14/04/2016,7.05,7.35,0.2999999999999998,7h 3m,7h 21m,0h 18m
6775888955,2016-04-15,1282,0.920000016689301,0.920000016689301,0.0,0.0,0.0,0.920000016689301,0.0,0,0,58,976,2127,15/04/2016,16.266666666666666,0.0,0.0,0.9666666666666667,58,0.9666666666666667,0h 58m,Friday,1,391,406,15/04/2016,6.516666666666667,6.766666666666667,0.25,6h 31m,6h 46m,0h 15m
6962181067,2016-04-12,10199,6.73999977111816,6.73999977111816,0.0,3.40000009536743,0.829999983310699,2.50999999046326,0.0,50,14,189,796,1994,12/04/2016,13.266666666666667,0.8333333333333334,0.23333333333333334,3.15,253,4.216666666666667,4h 13m,Tuesday,1,366,387,12/04/2016,6.1,6.45,0.35000000000000053,6h 6m,6h 27m,0h 21m
6962181067,2016-04-13,5652,3.74000000953674,3.74000000953674,0.0,0.569999992847443,1.21000003814697,1.96000003814697,0.0,8,24,142,548,1718,13/04/2016,9.133333333333333,0.13333333333333333,0.4,2.3666666666666667,174,2.9,2h 54m,Wednesday,3,630,679,13/04/2016,10.5,11.316666666666666,0.8166666666666664,10h 30m,11h 19m,0h 49m
6962181067,2016-04-14,1551,1.02999997138977,1.02999997138977,0.0,0.0,0.0,1.02999997138977,0.0,0,0,86,862,1466,14/04/2016,14.366666666666667,0.0,0.0,1.4333333333333333,86,1.4333333333333333,1h 26m,Thursday,2,508,535,14/04/2016,8.466666666666667,8.916666666666666,0.4499999999999993,8h 28m,8h 55m,0h 27m
6962181067,2016-04-15,5563,3.6800000667572,3.6800000667572,0.0,0.0,0.0,3.6800000667572,0.0,0,0,217,837,1756,15/04/2016,13.95,0.0,0.0,3.6166666666666667,217,3.6166666666666667,3h 37m,Friday,1,370,386,15/04/2016,6.166666666666667,6.433333333333334,0.2666666666666666,6h 10m,6h 26m,0h 16m
6962181067,2016-04-16,13217,8.73999977111816,8.73999977111816,0.0,3.66000008583069,0.189999997615814,4.88000011444092,0.0,50,3,280,741,2173,16/04/2016,12.35,0.8333333333333334,0.05,4.666666666666667,333,5.55,5h 33m,Saturday,1,357,366,16/04/2016,5.95,6.1,0.14999999999999947,5h 57m,6h 6m,0h 9m
6962181067,2016-04-17,10145,6.71000003814697,6.71000003814697,0.0,0.330000013113022,0.680000007152557,5.69000005722046,0.0,5,13,295,634,2027,17/04/2016,10.566666666666666,0.08333333333333333,0.21666666666666667,4.916666666666667,313,5.216666666666667,5h 13m,Sunday,1,427,446,17/04/2016,7.116666666666666,7.433333333333334,0.3166666666666673,7h 7m,7h 26m,0h 19m
6962181067,2016-04-18,11404,7.53999996185303,7.53999996185303,0.0,0.829999983310699,2.39000010490417,4.32000017166138,0.0,13,42,238,689,2039,18/04/2016,11.483333333333333,0.21666666666666667,0.7,3.966666666666667,293,4.883333333333334,4h 53m,Monday,1,442,458,18/04/2016,7.366666666666666,7.633333333333334,0.2666666666666675,7h 22m,7h 38m,0h 16m
6962181067,2016-04-19,10742,7.09999990463257,7.09999990463257,0.0,2.09999990463257,2.13000011444092,2.86999988555908,0.0,35,41,195,659,2046,19/04/2016,10.983333333333333,0.5833333333333334,0.6833333333333333,3.25,271,4.516666666666667,4h 31m,Tuesday,1,476,535,19/04/2016,7.933333333333334,8.916666666666666,0.9833333333333325,7h 56m,8h 55m,0h 59m
6962181067,2016-04-20,13928,9.55000019073486,9.55000019073486,0.0,4.28000020980835,0.189999997615814,5.09000015258789,0.0,48,4,297,639,2174,20/04/2016,10.65,0.8,0.06666666666666667,4.95,349,5.816666666666666,5h 49m,Wednesday,1,418,424,20/04/2016,6.966666666666667,7.066666666666666,0.09999999999999964,6h 58m,7h 4m,0h 6m
6962181067,2016-04-21,11835,9.71000003814697,7.88000011444092,4.08169221878052,3.99000000953674,2.09999990463257,3.50999999046326,0.109999999403954,53,27,214,708,2179,21/04/2016,11.8,0.8833333333333333,0.45,3.566666666666667,294,4.9,4h 54m,Thursday,1,451,457,21/04/2016,7.516666666666667,7.616666666666666,0.09999999999999964,7h 31m,7h 37m,0h 6m
6962181067,2016-04-22,10725,7.09000015258789,7.09000015258789,0.0,1.76999998092651,1.54999995231628,3.76999998092651,0.0,30,33,240,659,2086,22/04/2016,10.983333333333333,0.5,0.55,4.0,303,5.05,5h 3m,Friday,1,425,435,22/04/2016,7.083333333333333,7.25,0.16666666666666696,7h 5m,7h 15m,0h 10m
6962181067,2016-04-23,20031,13.2399997711182,13.2399997711182,0.0,4.19999980926514,2.0,7.03999996185303,0.0,58,41,347,484,2571,23/04/2016,8.066666666666666,0.9666666666666667,0.6833333333333333,5.783333333333333,446,7.433333333333334,7h 26m,Saturday,1,528,546,23/04/2016,8.8,9.1,0.29999999999999893,8h 48m,9h 6m,0h 18m
6962181067,2016-04-24,5029,3.3199999332428,3.3199999332428,0.0,0.0,0.0,3.3199999332428,0.0,0,0,199,720,1705,24/04/2016,12.0,0.0,0.0,3.316666666666667,199,3.316666666666667,3h 19m,Sunday,1,511,514,24/04/2016,8.516666666666667,8.566666666666666,0.049999999999998934,8h 31m,8h 34m,0h 3m
6962181067,2016-04-25,13239,9.27000045776367,9.07999992370605,2.78517508506775,3.01999998092651,1.67999994754791,4.46000003814697,0.100000001490116,35,31,282,637,2194,25/04/2016,10.616666666666667,0.5833333333333334,0.5166666666666667,4.7,348,5.8,5h 48m,Monday,1,400,415,25/04/2016,6.666666666666667,6.916666666666667,0.25,6h 40m,6h 55m,0h 15m
6962181067,2016-04-26,10433,6.90000009536743,6.90000009536743,0.0,2.57999992370605,0.419999986886978,3.90000009536743,0.0,36,7,254,680,2012,26/04/2016,11.333333333333334,0.6,0.11666666666666667,4.233333333333333,297,4.95,4h 57m,Tuesday,1,441,446,26/04/2016,7.35,7.433333333333334,0.08333333333333393,7h 21m,7h 26m,0h 5m
6962181067,2016-04-27,10320,6.82000017166138,6.82000017166138,0.0,0.550000011920929,2.01999998092651,4.25,0.0,7,38,279,697,2034,27/04/2016,11.616666666666667,0.11666666666666667,0.6333333333333333,4.65,324,5.4,5h 24m,Wednesday,1,455,467,27/04/2016,7.583333333333333,7.783333333333333,0.20000000000000018,7h 35m,7h 47m,0h 12m
6962181067,2016-04-28,12627,8.35000038146973,8.35000038146973,0.0,2.50999999046326,0.239999994635582,5.59000015258789,0.0,38,8,288,621,2182,28/04/2016,10.35,0.6333333333333333,0.13333333333333333,4.8,334,5.566666666666666,5h 34m,Thursday,1,440,453,28/04/2016,7.333333333333333,7.55,0.21666666666666679,7h 20m,7h 33m,0h 13m
6962181067,2016-04-29,10762,7.1100001335144,7.1100001335144,0.0,0.819999992847443,0.479999989271164,5.80999994277954,0.0,12,15,369,645,2254,29/04/2016,10.75,0.2,0.25,6.15,396,6.6,6h 36m,Friday,1,433,447,29/04/2016,7.216666666666667,7.45,0.2333333333333334,7h 13m,7h 27m,0h 14m
6962181067,2016-04-30,10081,6.65999984741211,6.65999984741211,0.0,2.24000000953674,0.759999990463257,3.67000007629395,0.0,32,16,237,731,2002,30/04/2016,12.183333333333334,0.5333333333333333,0.26666666666666666,3.95,285,4.75,4h 45m,Saturday,1,422,424,30/04/2016,7.033333333333333,7.066666666666666,0.033333333333333215,7h 2m,7h 4m,0h 2m
6962181067,2016-05-01,5454,3.60999989509583,3.60999989509583,0.0,0.0,0.0,3.60999989509583,0.0,0,0,215,722,1740,01/05/2016,12.033333333333333,0.0,0.0,3.5833333333333335,215,3.5833333333333335,3h 35m,Sunday,1,411,426,01/05/2016,6.85,7.1,0.25,6h 51m,7h 6m,0h 15m
6962181067,2016-05-02,12912,8.53999996185303,8.53999996185303,0.0,1.20000004768372,2.0,5.34000015258789,0.0,18,39,313,655,2162,02/05/2016,10.916666666666666,0.3,0.65,5.216666666666667,370,6.166666666666667,6h 10m,Monday,1,466,482,02/05/2016,7.766666666666667,8.033333333333333,0.2666666666666666,7h 46m,8h 2m,0h 16m
6962181067,2016-05-03,12109,8.11999988555908,8.11999988555908,0.0,1.74000000953674,2.03999996185303,4.32999992370605,0.0,21,36,267,654,2072,03/05/2016,10.9,0.35,0.6,4.45,324,5.4,5h 24m,Tuesday,1,394,418,03/05/2016,6.566666666666666,6.966666666666667,0.40000000000000036,6h 34m,6h 58m,0h 24m
6962181067,2016-05-04,10147,6.71000003814697,6.71000003814697,0.0,0.469999998807907,1.67999994754791,4.55000019073486,0.0,15,36,284,683,2086,04/05/2016,11.383333333333333,0.25,0.6,4.733333333333333,335,5.583333333333333,5h 35m,Wednesday,1,442,455,04/05/2016,7.366666666666666,7.583333333333333,0.21666666666666679,7h 22m,7h 35m,0h 13m
6962181067,2016-05-05,10524,6.96000003814697,6.96000003814697,0.0,0.990000009536743,1.1599999666214,4.80999994277954,0.0,14,22,305,591,2066,05/05/2016,9.85,0.23333333333333334,0.36666666666666664,5.083333333333333,341,5.683333333333334,5h 41m,Thursday,1,467,491,05/05/2016,7.783333333333333,8.183333333333334,0.40000000000000036,7h 47m,8h 11m,0h 24m
6962181067,2016-05-06,5908,3.91000008583069,3.91000008583069,0.0,0.0,0.0,3.91000008583069,0.0,0,0,299,717,1850,06/05/2016,11.95,0.0,0.0,4.983333333333333,299,4.983333333333333,4h 59m,Friday,1,443,462,06/05/2016,7.383333333333334,7.7,0.31666666666666643,7h 23m,7h 42m,0h 19m
6962181067,2016-05-07,6815,4.5,4.5,0.0,0.0,0.0,4.5,0.0,0,0,328,745,1947,07/05/2016,12.416666666666666,0.0,0.0,5.466666666666667,328,5.466666666666667,5h 28m,Saturday,1,298,334,07/05/2016,4.966666666666667,5.566666666666666,0.5999999999999996,4h 58m,5h 34m,0h 36m
6962181067,2016-05-08,4188,2.76999998092651,2.76999998092651,0.0,0.0,0.519999980926514,2.25,0.0,0,14,151,709,1659,08/05/2016,11.816666666666666,0.0,0.23333333333333334,2.5166666666666666,165,2.75,2h 45m,Sunday,1,541,569,08/05/2016,9.016666666666667,9.483333333333333,0.466666666666665,9h 1m,9h 29m,0h 28m
6962181067,2016-05-09,12342,8.72000026702881,8.68000030517578,3.16782188415527,3.90000009536743,1.17999994754791,3.65000009536743,0.0,43,21,231,607,2105,09/05/2016,10.116666666666667,0.7166666666666667,0.35,3.85,295,4.916666666666667,4h 55m,Monday,1,489,497,09/05/2016,8.15,8.283333333333333,0.13333333333333286,8h 9m,8h 17m,0h 8m
6962181067,2016-05-10,15448,10.210000038147,10.210000038147,0.0,3.47000002861023,1.75,4.98999977111816,0.0,62,34,275,626,2361,10/05/2016,10.433333333333334,1.0333333333333334,0.5666666666666667,4.583333333333333,371,6.183333333333334,6h 11m,Tuesday,1,469,481,10/05/2016,7.816666666666666,8.016666666666667,0.20000000000000107,7h 49m,8h 1m,0h 12m
6962181067,2016-05-11,6722,4.44000005722046,4.44000005722046,0.0,1.49000000953674,0.310000002384186,2.65000009536743,0.0,24,7,199,709,1855,11/05/2016,11.816666666666666,0.4,0.11666666666666667,3.316666666666667,230,3.8333333333333335,3h 50m,Wednesday,1,452,480,11/05/2016,7.533333333333333,8.0,0.4666666666666668,7h 32m,8h 0m,0h 28m
6962181067,2016-05-12,3587,2.36999988555908,2.36999988555908,0.0,0.0,0.25,2.10999989509583,0.0,0,8,105,127,928,12/05/2016,2.1166666666666667,0.0,0.13333333333333333,1.75,113,1.8833333333333333,1h 53m,Thursday,1,516,535,12/05/2016,8.6,8.916666666666666,0.31666666666666643,8h 36m,8h 55m,0h 19m
7007744171,2016-04-16,4631,3.09999990463257,3.09999990463257,0.0,0.0,0.0,3.09999990463257,0.0,0,0,203,1155,2076,16/04/2016,19.25,0.0,0.0,3.3833333333333333,203,3.3833333333333333,3h 23m,Saturday,1,79,82,16/04/2016,1.3166666666666667,1.3666666666666667,0.050000000000000044,1h 19m,1h 22m,0h 3m
7007744171,2016-05-01,5600,3.75,3.75,0.0,0.0,0.0,3.75,0.0,0,0,237,1142,2225,01/05/2016,19.033333333333335,0.0,0.0,3.95,237,3.95,3h 57m,Sunday,1,58,61,01/05/2016,0.9666666666666667,1.0166666666666666,0.04999999999999993,0h 58m,1h 1m,0h 3m
7086361926,2016-04-12,11317,8.40999984741211,8.40999984741211,0.0,5.26999998092651,0.150000005960464,2.97000002861023,0.0,59,6,153,745,2772,12/04/2016,12.416666666666666,0.9833333333333333,0.1,2.55,218,3.6333333333333333,3h 38m,Tuesday,1,514,525,12/04/2016,8.566666666666666,8.75,0.18333333333333357,8h 34m,8h 45m,0h 11m
7086361926,2016-04-13,5813,3.61999988555908,3.61999988555908,0.0,0.560000002384186,0.209999993443489,2.83999991416931,0.0,31,26,155,744,2516,13/04/2016,12.4,0.5166666666666667,0.43333333333333335,2.5833333333333335,212,3.533333333333333,3h 32m,Wednesday,1,451,465,13/04/2016,7.516666666666667,7.75,0.2333333333333334,7h 31m,7h 45m,0h 14m
7086361926,2016-04-14,9123,6.11999988555908,6.11999988555908,0.0,2.02999997138977,0.330000013113022,3.66000008583069,0.0,35,32,189,787,2734,14/04/2016,13.116666666666667,0.5833333333333334,0.5333333333333333,3.15,256,4.266666666666667,4h 16m,Thursday,1,472,476,14/04/2016,7.866666666666666,7.933333333333334,0.06666666666666732,7h 52m,7h 56m,0h 4m
7086361926,2016-04-15,8585,5.67000007629395,5.67000007629395,0.0,2.03999996185303,1.11000001430511,2.52999997138977,0.0,30,21,139,864,2395,15/04/2016,14.4,0.5,0.35,2.316666666666667,190,3.1666666666666665,3h 10m,Friday,1,377,386,15/04/2016,6.283333333333333,6.433333333333334,0.15000000000000036,6h 17m,6h 26m,0h 9m
7086361926,2016-04-19,10688,7.28999996185303,7.28999996185303,0.0,3.52999997138977,1.23000001907349,2.50999999046326,0.0,67,69,124,671,2944,19/04/2016,11.183333333333334,1.1166666666666667,1.15,2.066666666666667,260,4.333333333333333,4h 20m,Tuesday,1,472,483,19/04/2016,7.866666666666666,8.05,0.18333333333333446,7h 52m,8h 3m,0h 11m
7086361926,2016-04-20,14365,10.6400003433228,10.6400003433228,0.0,7.6399998664856,0.449999988079071,2.53999996185303,0.0,87,13,145,797,2997,20/04/2016,13.283333333333333,1.45,0.21666666666666667,2.4166666666666665,245,4.083333333333333,4h 5m,Wednesday,1,492,502,20/04/2016,8.2,8.366666666666667,0.16666666666666785,8h 12m,8h 22m,0h 10m
7086361926,2016-04-21,9469,6.17999982833862,6.17999982833862,0.0,1.36000001430511,0.300000011920929,4.51000022888184,0.0,19,6,206,758,2463,21/04/2016,12.633333333333333,0.31666666666666665,0.1,3.433333333333333,231,3.85,3h 51m,Thursday,1,390,411,21/04/2016,6.5,6.85,0.34999999999999964,6h 30m,6h 51m,0h 21m
7086361926,2016-04-22,9753,6.53000020980835,6.53000020980835,0.0,2.86999988555908,0.970000028610229,2.67000007629395,0.0,58,59,153,762,2846,22/04/2016,12.7,0.9666666666666667,0.9833333333333333,2.55,270,4.5,4h 30m,Friday,1,428,448,22/04/2016,7.133333333333334,7.466666666666667,0.33333333333333304,7h 8m,7h 28m,0h 20m
7086361926,2016-04-24,3520,2.16000008583069,2.16000008583069,0.0,0.0,0.0,2.15000009536743,0.0,0,0,125,566,2049,24/04/2016,9.433333333333334,0.0,0.0,2.0833333333333335,125,2.0833333333333335,2h 5m,Sunday,1,681,704,24/04/2016,11.35,11.733333333333333,0.38333333333333286,11h 21m,11h 44m,0h 23m
7086361926,2016-04-25,10091,6.82000017166138,6.82000017166138,0.0,3.75,0.699999988079071,2.36999988555908,0.0,69,39,129,706,2752,25/04/2016,11.766666666666667,1.15,0.65,2.15,237,3.95,3h 57m,Monday,1,446,447,25/04/2016,7.433333333333334,7.45,0.016666666666666607,7h 26m,7h 27m,0h 1m
7086361926,2016-04-26,10387,7.07000017166138,7.07000017166138,0.0,4.15999984741211,0.769999980926514,2.11999988555908,0.0,70,33,132,726,2781,26/04/2016,12.1,1.1666666666666667,0.55,2.2,235,3.9166666666666665,3h 55m,Tuesday,1,485,500,26/04/2016,8.083333333333334,8.333333333333334,0.25,8h 5m,8h 20m,0h 15m
7086361926,2016-04-27,11107,8.34000015258789,8.34000015258789,0.0,5.63000011444092,0.180000007152557,2.52999997138977,0.0,55,6,145,829,2693,27/04/2016,13.816666666666666,0.9166666666666666,0.1,2.4166666666666665,206,3.433333333333333,3h 26m,Wednesday,1,469,479,27/04/2016,7.816666666666666,7.983333333333333,0.16666666666666696,7h 49m,7h 59m,0h 10m
7086361926,2016-04-28,11584,7.80000019073486,7.80000019073486,0.0,2.78999996185303,1.63999998569489,3.35999989509583,0.0,54,48,161,810,2862,28/04/2016,13.5,0.9,0.8,2.683333333333333,263,4.383333333333334,4h 23m,Thursday,1,354,367,28/04/2016,5.9,6.116666666666666,0.2166666666666659,5h 54m,6h 7m,0h 13m
7086361926,2016-04-30,14560,9.40999984741211,9.40999984741211,0.0,3.11999988555908,1.03999996185303,5.23999977111816,0.0,42,17,308,584,2995,30/04/2016,9.733333333333333,0.7,0.2833333333333333,5.133333333333334,367,6.116666666666666,6h 7m,Saturday,1,485,489,30/04/2016,8.083333333333334,8.15,0.06666666666666643,8h 5m,8h 9m,0h 4m
7086361926,2016-05-01,12390,8.06999969482422,8.06999969482422,0.0,2.29999995231628,0.899999976158142,4.84999990463257,0.0,30,15,258,685,2730,01/05/2016,11.416666666666666,0.5,0.25,4.3,303,5.05,5h 3m,Sunday,1,388,407,01/05/2016,6.466666666666667,6.783333333333333,0.31666666666666643,6h 28m,6h 47m,0h 19m
7086361926,2016-05-02,10052,6.80999994277954,6.80999994277954,0.0,3.48000001907349,0.660000026226044,2.66000008583069,0.0,66,26,139,737,2754,02/05/2016,12.283333333333333,1.1,0.43333333333333335,2.316666666666667,231,3.85,3h 51m,Monday,1,440,459,02/05/2016,7.333333333333333,7.65,0.3166666666666673,7h 20m,7h 39m,0h 19m
7086361926,2016-05-03,10288,6.76000022888184,6.76000022888184,0.0,2.74000000953674,0.850000023841858,3.16000008583069,0.0,57,36,152,761,2754,03/05/2016,12.683333333333334,0.95,0.6,2.533333333333333,245,4.083333333333333,4h 5m,Tuesday,1,456,461,03/05/2016,7.6,7.683333333333334,0.08333333333333393,7h 36m,7h 41m,0h 5m
7086361926,2016-05-04,10988,8.3100004196167,8.3100004196167,0.0,5.28000020980835,0.119999997317791,2.90000009536743,0.0,45,12,135,843,2655,04/05/2016,14.05,0.75,0.2,2.25,192,3.2,3h 12m,Wednesday,1,420,436,04/05/2016,7.0,7.266666666666667,0.2666666666666666,7h 0m,7h 16m,0h 16m
7086361926,2016-05-06,12461,8.38000011444092,8.38000011444092,0.0,3.8199999332428,1.42999994754791,3.11999988555908,0.0,84,35,154,834,2924,06/05/2016,13.9,1.4,0.5833333333333334,2.566666666666667,273,4.55,4h 33m,Friday,1,322,333,06/05/2016,5.366666666666666,5.55,0.18333333333333357,5h 22m,5h 33m,0h 11m
7086361926,2016-05-07,12827,8.47999954223633,8.47999954223633,0.0,1.46000003814697,2.32999992370605,4.67999982833862,0.0,20,42,209,621,2739,07/05/2016,10.35,0.3333333333333333,0.7,3.4833333333333334,271,4.516666666666667,4h 31m,Saturday,1,530,548,07/05/2016,8.833333333333334,9.133333333333333,0.29999999999999893,8h 50m,9h 8m,0h 18m
7086361926,2016-05-08,10677,7.09999990463257,7.09999990463257,0.0,2.30999994277954,1.52999997138977,3.25,0.0,32,27,147,695,2534,08/05/2016,11.583333333333334,0.5333333333333333,0.45,2.45,206,3.433333333333333,3h 26m,Sunday,1,481,510,08/05/2016,8.016666666666667,8.5,0.4833333333333325,8h 1m,8h 30m,0h 29m
7086361926,2016-05-09,13566,9.10999965667725,9.10999965667725,0.0,4.26000022888184,1.71000003814697,3.11999988555908,0.0,67,50,171,743,2960,09/05/2016,12.383333333333333,1.1166666666666667,0.8333333333333334,2.85,288,4.8,4h 48m,Monday,1,427,438,09/05/2016,7.116666666666666,7.3,0.18333333333333357,7h 7m,7h 18m,0h 11m
7086361926,2016-05-11,9572,6.51999998092651,6.51999998092651,0.0,2.89000010490417,1.38999998569489,2.23000001907349,0.0,57,40,128,757,2735,11/05/2016,12.616666666666667,0.95,0.6666666666666666,2.1333333333333333,225,3.75,3h 45m,Wednesday,1,451,463,11/05/2016,7.516666666666667,7.716666666666667,0.20000000000000018,7h 31m,7h 43m,0h 12m
7086361926,2016-05-12,3789,2.55999994277954,2.55999994277954,0.0,0.379999995231628,0.270000010728836,1.88999998569489,0.0,5,4,58,343,1199,12/05/2016,5.716666666666667,0.08333333333333333,0.06666666666666667,0.9666666666666667,67,1.1166666666666667,1h 7m,Thursday,1,444,457,12/05/2016,7.4,7.616666666666666,0.2166666666666659,7h 24m,7h 37m,0h 13m
8053475328,2016-04-20,15108,12.1899995803833,12.1899995803833,0.0,9.57999992370605,0.230000004172325,2.38000011444092,0.0,89,5,158,695,3043,20/04/2016,11.583333333333334,1.4833333333333334,0.08333333333333333,2.6333333333333333,252,4.2,4h 12m,Wednesday,1,486,493,20/04/2016,8.1,8.216666666666667,0.11666666666666714,8h 6m,8h 13m,0h 7m
8053475328,2016-04-23,22359,17.1900005340576,17.1900005340576,0.0,12.539999961853,0.629999995231628,4.01999998092651,0.0,125,14,223,741,3554,23/04/2016,12.35,2.0833333333333335,0.23333333333333334,3.716666666666667,362,6.033333333333333,6h 2m,Saturday,1,331,337,23/04/2016,5.516666666666667,5.616666666666666,0.09999999999999964,5h 31m,5h 37m,0h 6m
8053475328,2016-05-07,19769,15.6700000762939,15.6700000762939,0.0,12.4399995803833,0.879999995231628,2.34999990463257,0.0,121,20,148,1076,3331,07/05/2016,17.933333333333334,2.0166666666666666,0.3333333333333333,2.466666666666667,289,4.816666666666666,4h 49m,Saturday,1,74,75,07/05/2016,1.2333333333333334,1.25,0.016666666666666607,1h 14m,1h 15m,0h 1m
8378563200,2016-04-12,7626,6.05000019073486,6.05000019073486,2.25308108329773,0.829999983310699,0.709999978542328,4.5,0.0,65,15,156,723,3635,12/04/2016,12.05,1.0833333333333333,0.25,2.6,236,3.933333333333333,3h 56m,Tuesday,1,338,356,12/04/2016,5.633333333333334,5.933333333333334,0.2999999999999998,5h 38m,5h 56m,0h 18m
8378563200,2016-04-13,12386,9.81999969482422,9.81999969482422,2.0921471118927,4.96000003814697,0.649999976158142,4.21000003814697,0.0,116,14,169,680,4079,13/04/2016,11.333333333333334,1.9333333333333333,0.23333333333333334,2.816666666666667,299,4.983333333333333,4h 59m,Wednesday,2,447,487,13/04/2016,7.45,8.116666666666667,0.666666666666667,7h 27m,8h 7m,0h 40m
8378563200,2016-04-14,13318,10.5600004196167,10.5600004196167,2.25308108329773,5.61999988555908,1.02999997138977,3.91000008583069,0.0,123,21,174,699,4163,14/04/2016,11.65,2.05,0.35,2.9,318,5.3,5h 18m,Thursday,1,424,455,14/04/2016,7.066666666666666,7.583333333333333,0.5166666666666666,7h 4m,7h 35m,0h 31m
8378563200,2016-04-15,14461,11.4700002670288,11.4700002670288,0.0,4.90999984741211,1.14999997615814,5.40999984741211,0.0,60,23,190,729,3666,15/04/2016,12.15,1.0,0.38333333333333336,3.1666666666666665,273,4.55,4h 33m,Friday,1,513,533,15/04/2016,8.55,8.883333333333333,0.33333333333333215,8h 33m,8h 53m,0h 20m
8378563200,2016-04-16,11207,8.89000034332275,8.89000034332275,0.0,5.36999988555908,1.07000005245209,2.44000005722046,0.0,64,21,142,563,3363,16/04/2016,9.383333333333333,1.0666666666666667,0.35,2.3666666666666667,227,3.783333333333333,3h 47m,Saturday,2,611,689,16/04/2016,10.183333333333334,11.483333333333333,1.299999999999999,10h 11m,11h 29m,1h 18m
8378563200,2016-04-17,2132,1.69000005722046,1.69000005722046,0.0,0.0,0.0,1.69000005722046,0.0,0,0,93,599,2572,17/04/2016,9.983333333333333,0.0,0.0,1.55,93,1.55,1h 33m,Sunday,2,525,591,17/04/2016,8.75,9.85,1.0999999999999996,8h 45m,9h 51m,1h 6m
8378563200,2016-04-18,13630,10.8100004196167,10.8100004196167,2.0921471118927,5.05000019073486,0.560000002384186,5.19999980926514,0.0,117,10,174,720,4157,18/04/2016,12.0,1.95,0.16666666666666666,2.9,301,5.016666666666667,5h 1m,Monday,1,398,451,18/04/2016,6.633333333333334,7.516666666666667,0.8833333333333329,6h 38m,7h 31m,0h 53m
8378563200,2016-04-19,13070,10.3599996566772,10.3599996566772,2.25308108329773,5.30000019073486,0.879999995231628,4.17999982833862,0.0,120,19,154,737,4092,19/04/2016,12.283333333333333,2.0,0.31666666666666665,2.566666666666667,293,4.883333333333334,4h 53m,Tuesday,1,387,421,19/04/2016,6.45,7.016666666666667,0.5666666666666664,6h 27m,7h 1m,0h 34m
8378563200,2016-04-20,9388,7.44000005722046,7.44000005722046,2.0921471118927,2.23000001907349,0.439999997615814,4.78000020980835,0.0,82,8,169,763,3787,20/04/2016,12.716666666666667,1.3666666666666667,0.13333333333333333,2.816666666666667,259,4.316666666666666,4h 19m,Wednesday,1,381,409,20/04/2016,6.35,6.816666666666666,0.4666666666666668,6h 21m,6h 49m,0h 28m
8378563200,2016-04-21,15148,12.0100002288818,12.0100002288818,2.25308108329773,6.90000009536743,0.819999992847443,4.28999996185303,0.0,137,16,145,677,4236,21/04/2016,11.283333333333333,2.283333333333333,0.26666666666666666,2.4166666666666665,298,4.966666666666667,4h 58m,Thursday,1,396,417,21/04/2016,6.6,6.95,0.35000000000000053,6h 36m,6h 57m,0h 21m
8378563200,2016-04-22,12200,9.67000007629395,9.67000007629395,2.0921471118927,4.90999984741211,0.589999973773956,4.17999982833862,0.0,113,12,159,769,4044,22/04/2016,12.816666666666666,1.8833333333333333,0.2,2.65,284,4.733333333333333,4h 44m,Friday,1,441,469,22/04/2016,7.35,7.816666666666666,0.4666666666666668,7h 21m,7h 49m,0h 28m
8378563200,2016-04-23,5709,4.53000020980835,4.53000020980835,0.0,1.51999998092651,0.519999980926514,2.48000001907349,0.0,19,10,136,740,2908,23/04/2016,12.333333333333334,0.31666666666666665,0.16666666666666666,2.2666666666666666,165,2.75,2h 45m,Saturday,1,565,591,23/04/2016,9.416666666666666,9.85,0.43333333333333357,9h 25m,9h 51m,0h 26m
8378563200,2016-04-24,3703,2.94000005722046,2.94000005722046,0.0,0.0,0.0,2.94000005722046,0.0,0,0,135,734,2741,24/04/2016,12.233333333333333,0.0,0.0,2.25,135,2.25,2h 15m,Sunday,1,458,492,24/04/2016,7.633333333333334,8.2,0.5666666666666655,7h 38m,8h 12m,0h 34m
8378563200,2016-04-25,12405,9.84000015258789,9.84000015258789,2.0921471118927,5.05000019073486,0.870000004768372,3.92000007629395,0.0,117,16,141,692,4005,25/04/2016,11.533333333333333,1.95,0.26666666666666666,2.35,274,4.566666666666666,4h 34m,Monday,1,388,402,25/04/2016,6.466666666666667,6.7,0.2333333333333334,6h 28m,6h 42m,0h 14m
8378563200,2016-04-26,16208,12.8500003814697,12.8500003814697,0.0,7.51000022888184,0.920000016689301,4.42000007629395,0.0,90,18,161,593,3763,26/04/2016,9.883333333333333,1.5,0.3,2.683333333333333,269,4.483333333333333,4h 29m,Tuesday,1,550,584,26/04/2016,9.166666666666666,9.733333333333333,0.5666666666666664,9h 10m,9h 44m,0h 34m
8378563200,2016-04-27,7359,5.84000015258789,5.84000015258789,0.0,0.330000013113022,0.180000007152557,5.32999992370605,0.0,4,4,192,676,3061,27/04/2016,11.266666666666667,0.06666666666666667,0.06666666666666667,3.2,200,3.3333333333333335,3h 20m,Wednesday,1,531,600,27/04/2016,8.85,10.0,1.1500000000000004,8h 51m,10h 0m,1h 9m
8378563200,2016-04-28,5417,4.30000019073486,4.30000019073486,0.0,0.899999976158142,0.490000009536743,2.91000008583069,0.0,11,10,139,711,2884,28/04/2016,11.85,0.18333333333333332,0.16666666666666666,2.316666666666667,160,2.6666666666666665,2h 40m,Thursday,1,506,556,28/04/2016,8.433333333333334,9.266666666666667,0.8333333333333339,8h 26m,9h 16m,0h 50m
8378563200,2016-04-29,6175,4.90000009536743,4.90000009536743,0.0,0.25,0.360000014305115,4.26999998092651,0.0,3,7,172,767,2982,29/04/2016,12.783333333333333,0.05,0.11666666666666667,2.8666666666666667,182,3.033333333333333,3h 2m,Friday,1,527,562,29/04/2016,8.783333333333333,9.366666666666667,0.5833333333333339,8h 47m,9h 22m,0h 35m
8378563200,2016-04-30,2946,2.33999991416931,2.33999991416931,0.0,0.0,0.0,2.33999991416931,0.0,0,0,121,780,2660,30/04/2016,13.0,0.0,0.0,2.0166666666666666,121,2.0166666666666666,2h 1m,Saturday,1,468,555,30/04/2016,7.8,9.25,1.4500000000000002,7h 48m,9h 15m,1h 27m
8378563200,2016-05-01,11419,9.0600004196167,9.0600004196167,0.0,6.03000020980835,0.560000002384186,2.47000002861023,0.0,71,10,127,669,3369,01/05/2016,11.15,1.1833333333333333,0.16666666666666666,2.1166666666666667,208,3.466666666666667,3h 28m,Sunday,1,475,539,01/05/2016,7.916666666666667,8.983333333333333,1.0666666666666655,7h 55m,8h 59m,1h 4m
8378563200,2016-05-02,6064,4.80999994277954,4.80999994277954,2.0921471118927,0.629999995231628,0.170000001788139,4.01000022888184,0.0,63,4,142,802,3491,02/05/2016,13.366666666666667,1.05,0.06666666666666667,2.3666666666666667,209,3.4833333333333334,3h 29m,Monday,1,351,385,02/05/2016,5.85,6.416666666666667,0.5666666666666673,5h 51m,6h 25m,0h 34m
8378563200,2016-05-03,8712,6.90999984741211,6.90999984741211,2.25308108329773,1.3400000333786,1.05999994277954,4.5,0.0,71,20,195,822,3784,03/05/2016,13.7,1.1833333333333333,0.3333333333333333,3.25,286,4.766666666666667,4h 46m,Tuesday,1,405,429,03/05/2016,6.75,7.15,0.40000000000000036,6h 45m,7h 9m,0h 24m
8378563200,2016-05-04,7875,6.23999977111816,6.23999977111816,0.0,1.55999994277954,0.490000009536743,4.19999980926514,0.0,19,10,167,680,3110,04/05/2016,11.333333333333334,0.31666666666666665,0.16666666666666666,2.783333333333333,196,3.2666666666666666,3h 16m,Wednesday,1,441,477,04/05/2016,7.35,7.95,0.6000000000000005,7h 21m,7h 57m,0h 36m
8378563200,2016-05-05,8567,6.78999996185303,6.78999996185303,2.25308108329773,0.889999985694885,0.159999996423721,5.73999977111816,0.0,66,3,214,764,3783,05/05/2016,12.733333333333333,1.1,0.05,3.566666666666667,283,4.716666666666667,4h 43m,Thursday,1,381,417,05/05/2016,6.35,6.95,0.6000000000000005,6h 21m,6h 57m,0h 36m
8378563200,2016-05-06,7045,5.59000015258789,5.59000015258789,2.0921471118927,1.54999995231628,0.25,3.77999997138977,0.0,74,5,166,831,3644,06/05/2016,13.85,1.2333333333333334,0.08333333333333333,2.7666666666666666,245,4.083333333333333,4h 5m,Friday,1,323,355,06/05/2016,5.383333333333334,5.916666666666667,0.5333333333333332,5h 23m,5h 55m,0h 32m
8378563200,2016-05-07,4468,3.53999996185303,3.53999996185303,0.0,0.0,0.0,3.53999996185303,0.0,0,0,158,851,2799,07/05/2016,14.183333333333334,0.0,0.0,2.6333333333333333,158,2.6333333333333333,2h 38m,Saturday,2,459,513,07/05/2016,7.65,8.55,0.9000000000000004,7h 39m,8h 33m,0h 54m
8378563200,2016-05-08,2943,2.32999992370605,2.32999992370605,0.0,0.0,0.0,2.32999992370605,0.0,0,0,139,621,2685,08/05/2016,10.35,0.0,0.0,2.316666666666667,139,2.316666666666667,2h 19m,Sunday,1,545,606,08/05/2016,9.083333333333334,10.1,1.0166666666666657,9h 5m,10h 6m,1h 1m
8378563200,2016-05-09,8382,6.65000009536743,6.65000009536743,2.0921471118927,1.26999998092651,0.660000026226044,4.71999979019165,0.0,71,13,171,772,3721,09/05/2016,12.866666666666667,1.1833333333333333,0.21666666666666667,2.85,255,4.25,4h 15m,Monday,1,359,399,09/05/2016,5.983333333333333,6.65,0.666666666666667,5h 59m,6h 39m,0h 40m
8378563200,2016-05-10,6582,5.21999979019165,5.21999979019165,2.25308108329773,0.660000026226044,0.639999985694885,3.92000007629395,0.0,63,13,152,840,3586,10/05/2016,14.0,1.05,0.21666666666666667,2.533333333333333,228,3.8,3h 48m,Tuesday,1,342,391,10/05/2016,5.7,6.516666666666667,0.8166666666666664,5h 42m,6h 31m,0h 49m
8378563200,2016-05-11,9143,7.25,7.25,2.0921471118927,1.38999998569489,0.589999973773956,5.26999998092651,0.0,72,10,184,763,3788,11/05/2016,12.716666666666667,1.2,0.16666666666666666,3.066666666666667,266,4.433333333333334,4h 26m,Wednesday,1,368,387,11/05/2016,6.133333333333334,6.45,0.31666666666666643,6h 8m,6h 27m,0h 19m
8378563200,2016-05-12,4561,3.61999988555908,3.61999988555908,0.0,0.649999976158142,0.270000010728836,2.69000005722046,0.0,8,6,102,433,1976,12/05/2016,7.216666666666667,0.13333333333333333,0.1,1.7,116,1.9333333333333333,1h 56m,Thursday,1,496,546,12/05/2016,8.266666666666667,9.1,0.8333333333333321,8h 16m,9h 6m,0h 50m
8792009665,2016-04-12,2564,1.63999998569489,1.63999998569489,0.0,0.0,0.0,1.63999998569489,0.0,0,0,116,831,2044,12/04/2016,13.85,0.0,0.0,1.9333333333333333,116,1.9333333333333333,1h 56m,Tuesday,1,458,493,12/04/2016,7.633333333333334,8.216666666666667,0.583333333333333,7h 38m,8h 13m,0h 35m
8792009665,2016-04-13,1320,0.839999973773956,0.839999973773956,0.0,0.0,0.0,0.839999973773956,0.0,0,0,82,806,1934,13/04/2016,13.433333333333334,0.0,0.0,1.3666666666666667,82,1.3666666666666667,1h 22m,Wednesday,1,531,552,13/04/2016,8.85,9.2,0.34999999999999964,8h 51m,9h 12m,0h 21m
8792009665,2016-04-14,1219,0.779999971389771,0.779999971389771,0.0,0.0,0.0,0.779999971389771,0.0,0,0,84,853,1963,14/04/2016,14.216666666666667,0.0,0.0,1.4,84,1.4,1h 24m,Thursday,1,486,503,14/04/2016,8.1,8.383333333333333,0.2833333333333332,8h 6m,8h 23m,0h 17m
8792009665,2016-04-15,2483,1.5900000333786,1.5900000333786,0.0,0.0,0.0,1.5900000333786,0.0,0,0,126,937,2009,15/04/2016,15.616666666666667,0.0,0.0,2.1,126,2.1,2h 6m,Friday,1,363,377,15/04/2016,6.05,6.283333333333333,0.2333333333333334,6h 3m,6h 17m,0h 14m
8792009665,2016-04-20,3147,2.00999999046326,2.00999999046326,0.0,0.0,0.280000001192093,1.74000000953674,0.0,0,10,139,744,2188,20/04/2016,12.4,0.0,0.16666666666666666,2.316666666666667,149,2.4833333333333334,2h 29m,Wednesday,1,528,547,20/04/2016,8.8,9.116666666666667,0.31666666666666643,8h 48m,9h 7m,0h 19m
8792009665,2016-04-22,4068,2.59999990463257,2.59999990463257,0.0,0.0500000007450581,0.280000001192093,2.26999998092651,0.0,1,20,195,817,2419,22/04/2016,13.616666666666667,0.016666666666666666,0.3333333333333333,3.25,216,3.6,3h 36m,Friday,1,391,407,22/04/2016,6.516666666666667,6.783333333333333,0.2666666666666666,6h 31m,6h 47m,0h 16m
8792009665,2016-04-23,5245,3.35999989509583,3.35999989509583,0.0,0.159999996423721,0.439999997615814,2.75,0.0,8,45,232,795,2748,23/04/2016,13.25,0.13333333333333333,0.75,3.8666666666666667,285,4.75,4h 45m,Saturday,1,339,360,23/04/2016,5.65,6.0,0.34999999999999964,5h 39m,6h 0m,0h 21m
8792009665,2016-04-27,1758,1.12999999523163,1.12999999523163,0.0,0.0,0.0,1.12999999523163,0.0,0,0,112,900,2067,27/04/2016,15.0,0.0,0.0,1.8666666666666667,112,1.8666666666666667,1h 52m,Wednesday,1,423,428,27/04/2016,7.05,7.133333333333334,0.08333333333333393,7h 3m,7h 8m,0h 5m
8792009665,2016-04-28,6157,3.94000005722046,3.94000005722046,0.0,0.0,0.0,3.94000005722046,0.0,0,0,310,714,2780,28/04/2016,11.9,0.0,0.0,5.166666666666667,310,5.166666666666667,5h 10m,Thursday,1,402,416,28/04/2016,6.7,6.933333333333334,0.2333333333333334,6h 42m,6h 56m,0h 14m
8792009665,2016-04-29,8360,5.34999990463257,5.34999990463257,0.0,0.140000000596046,0.280000001192093,4.92999982833862,0.0,6,14,380,634,3101,29/04/2016,10.566666666666666,0.1,0.23333333333333334,6.333333333333333,400,6.666666666666667,6h 40m,Friday,1,398,406,29/04/2016,6.633333333333334,6.766666666666667,0.13333333333333286,6h 38m,6h 46m,0h 8m
8792009665,2016-04-30,7174,4.59000015258789,4.59000015258789,0.0,0.330000013113022,0.360000014305115,3.91000008583069,0.0,10,20,301,749,2896,30/04/2016,12.483333333333333,0.16666666666666666,0.3333333333333333,5.016666666666667,331,5.516666666666667,5h 31m,Saturday,1,343,360,30/04/2016,5.716666666666667,6.0,0.2833333333333332,5h 43m,6h 0m,0h 17m
8792009665,2016-05-01,1619,1.03999996185303,1.03999996185303,0.0,0.0,0.0,1.03999996185303,0.0,0,0,79,834,1962,01/05/2016,13.9,0.0,0.0,1.3166666666666667,79,1.3166666666666667,1h 19m,Sunday,1,503,527,01/05/2016,8.383333333333333,8.783333333333333,0.40000000000000036,8h 23m,8h 47m,0h 24m
8792009665,2016-05-02,1831,1.16999995708466,1.16999995708466,0.0,0.0,0.0,1.16999995708466,0.0,0,0,101,916,2015,02/05/2016,15.266666666666667,0.0,0.0,1.6833333333333333,101,1.6833333333333333,1h 41m,Monday,1,415,423,02/05/2016,6.916666666666667,7.05,0.13333333333333286,6h 55m,7h 3m,0h 8m
8792009665,2016-05-03,2421,1.54999995231628,1.54999995231628,0.0,0.0,0.0,1.54999995231628,0.0,0,0,156,739,2297,03/05/2016,12.316666666666666,0.0,0.0,2.6,156,2.6,2h 36m,Tuesday,1,516,545,03/05/2016,8.6,9.083333333333334,0.4833333333333343,8h 36m,9h 5m,0h 29m
8792009665,2016-05-04,2283,1.46000003814697,1.46000003814697,0.0,0.0,0.0,1.46000003814697,0.0,0,0,129,848,2067,04/05/2016,14.133333333333333,0.0,0.0,2.15,129,2.15,2h 9m,Wednesday,1,439,463,04/05/2016,7.316666666666666,7.716666666666667,0.40000000000000036,7h 19m,7h 43m,0h 24m
